a	680	498,1932,646,803,760,689,1284,1056,692,888,1006,389,92,454,1645,808,749,1956,918,1034,1226,358,1139,1201,1221,1218,596,1363,1766,191,483,1607,254,1764,708,1554,1260,377,1541,919,812,1017,640,193,244,419,1195,1683,1492,1122,1379,1007,329,438,48,1404,1531,1237,911,1672,1864,656,397,478,506,1738,789,1306,704,831,841,1394,1639,909,826,427,1725,1670,1319,1801,1630,999,565,1655,41,1546,1410,1471,1689,1377,586,941,1070,126,1576,936,1848,318,801,337,249,1947,1762,196,984,264,796,1027,1029,1518,916,937,177,36,1119,201,846,331,71,833,1595,1746,960,1399,93,386,1644,1105,1906,376,96,1659,655,1585,288,754,633,312,1744,1739,645,1877,499,383,830,676,1599,1703,1114,1408,1787,1229,7,1964,1775,575,1989,1093,1117,1444,1838,1460,770,1014,1273,1477,11,1176,485,484,1986,1208,30,747,1590,1347,1624,1578,209,1083,399,1153,1698,557,525,430,823,1419,176,374,107,1677,584,200,1063,1398,456,1597,74,593,1324,1534,1465,1962,133,1292,33,1871,238,915,1923,117,746,1758,1825,1897,1373,123,1414,820,1728,1724,1883,1062,1592,679,1371,1819,1720,148,1593,985,502,81,1680,294,418,851,1044,95,4,1071,1073,429,1275,1704,965,439,1125,1279,1856,205,1286,1545,1966,1188,1702,620,1150,1527,1048,239,1346,404,1009,1438,773,920,1435,1815,141,57,1705,1179,1330,46,850,1939,928,233,1235,99,1918,521,1566,943,765,26,1343,630,1942,311,384,1333,1338,295,834,1210,1250,298,409,1826,23,1613,1771,127,1946,740,1907,790,1069,1818,505,814,768,898,1663,561,1706,73,1941,79,687,398,1821,461,845,1332,124,110,1887,1335,1318,1261,1937,210,677,155,1368,1248,1512,1697,1987,764,694,1969,82,1191,223,1948,1828,1358,217,1147,1051,1130,1422,1067,1505,1075,1424,1717,165,956,1353,1302,714,1784,1858,1491,555,1041,493,1317,1564,1342,728,167,129,1497,1581,372,713,827,1915,1225,843,1707,690,855,605,863,1788,946,168,143,625,1025,1927,963,1496,228,366,709,533,1625,1011,131,591,1158,1439,792,1965,786,636,1111,371,1227,1810,1710,1059,310,1171,1688,779,271,1988,194,51,60,1835,1436,809,363,511,654,721,1194,1230,1148,897,1616,1393,1310,422,1023,1508,1451,1207,1667,1180,1271,987,87,161,1459,1543,115,420,722,1999,1232,1334,1684,184,870,248,1355,1816,608,1214,1028,1812,1390,391,269,1228,425,1127,356,926,1359,303,1360,1054,1112,1055,857,944,1010,877,522,369,1165,1060,977,121,1426,1892,16,878,1257,818,1254,1519,558,402,731,1202,250,710,1047,1968,1562,1660,1649,1745,1834,240,289,207,1673,1266,1532,1875,869,1798,1481,782,1287,1919,1885,930,1736,265,563,395,849,119
a11í	1	352
abajo	3	398,896,1087
abandona	3	1254,1518,1090
abandonaba	1	830
abandonada	3	1257,1108
abandonado	1	520
abandoné	1	1856
abate	2	182,941
abatidos	2	1330,1493
abierta	4	1234,1860,1960,309
abierto	2	374,1738
abismo	1	1777
abnegación	1	1542
abofeteado	1	936
abogado	2	1809,213
abogados	1	1398
abominable	2	1621,747
aborrece	1	710
abortar	1	391
abraso	1	1846
abraza	2	212,41
abrazados	1	648
abrazarla	1	1169
abrazo	2	719,80
abrazó	2	890,1439
abre	2	769,1643
abrieron	1	1306
abrigar	1	404
abrir	1	609
abrió	3	1998,1306,169
abrumado	2	1007,1075
abrí	1	35
abría	2	770,1138
absoluta	1	415
absolutamente	3	145,674,782
absoluto	6	872,743,569,1100,836,1560
abstinencia	1	717
abstracciones	1	751
abstuve	1	787
absurda	2	1739,1293
absurdos	2	1739,1293
abuela	1	654
abuelos	1	45
abundante	1	158
abundantes	1	1194
aburre	1	1231
aburren	1	1868
aburrimiento	3	1950,1236,912
aburrir	1	1161
aburrían	1	401
acaba	5	1639,1877,439,547,1595
acababa	3	1275,555,154
acabado	2	1553,95
acaban	2	950,369
acabar	1	1353
acabaron	1	1054
acabaré	1	730
acabo	1	233
acabó	5	654,630,1454,1345,1949
acalambradas	1	1959
acalambrado	1	689
acalambrados	1	1227
acaricia	1	738
acariciaba	1	261
acariciaban	1	1277
acariciado	1	787
acariciando	1	414
acariciar	1	1749
acariciase	1	1594
acaricié	1	158
acarició	1	1576
acaso	1	1171
acciones	3	1322,270,1953
acecha	1	1618
acechándolo	1	703
aceite	1	1315
acento	1	25
acepta	1	1059
aceptación	2	838,1510
aceptar	1	1131
aceptarlo	1	772
acera	1	343
aceras	1	576
acercamiento	2	1584,1292
acercarme	1	46
acercó	4	454,1112,17,1545
acerque	1	252
acerquen	1	796
acerqué	1	196
achacaba	1	1162
acobardaban	1	1409
acobardo	2	290
acogido	1	1007
acogí	1	329
acoja	1	276
acompaña	2	275,2000
acompañaba	1	1
acompañada	1	900
acompañarle	1	1093
acompañarlo	1	1729
acompañe	1	1688
acompañó	1	1220
acongoja	1	1389
acontecimientos	1	928
acordarnos	1	1116
acordarse	1	1775
acordaré	1	1799
acordándote	1	1830
acosa	1	1053
acosada	1	1686
acostada	1	764
acostarse	2	1597,1251
acostumbra	1	596
acostumbrada	1	244
acostumbrado	2	1055,790
acostumbran	1	1644
acostumbrarse	1	640
actitud	2	1163,1367
activos	1	1794
acto	1	366
actual	2	1347,1608
acuden	1	147
acuerda	1	496
acuerdas	1	1221
acuerdo	5	1622,1216,40,266,253
acuesto	1	1840
acumulado	1	510
acumularse	1	510
acusa	1	593
acusación	1	358
acusado	1	358
acusar	1	1254
acuérdate	1	1562
acérrimos	1	1229
adelante	2	603,888
además	7	1275,214,1161,1999,1901,1382,875
adentraba	1	1616
adivina	1	638
adivinado	1	721
adivinar	1	959
adivinen	1	206
adivino	1	437
adiós	4	731,1565,617,1630
admiración	1	1240
adoloridos	1	1374
adoraba	1	919
adorable	1	1681
adorada	1	1630
adornada	1	896
adoro	3	45,370,827
adquiere	1	366
adquirido	1	160
adquiridos	1	1809
adulación	1	482
aduladores	1	1531
adulta	2	588,207
adversario	1	1842
advertir	2	899,1354
advertí	1	371
advertía	1	1555
afectuosa	1	1448
afectó	1	506
afilan	1	1487
afirmarse	1	337
afloraba	1	1302
agarrando	1	446
agarrarla	1	46
agarrarnos	1	1755
agarró	1	340
agitadas	1	1860
agito	1	146
agité	1	1179
agitó	1	1791
agobiados	1	1148
agonía	2	1109,888
agonías	1	1279
agotado	3	1245,1136,427
agotamiento	1	1462
agotar	1	622
agrada	2	812
agradable	5	1192,1752,1248,473,344
agradables	1	77
agradecerle	1	1550
agradecimiento	2	289,1161
agraden	1	249
agradezco	1	943
agravación	1	1371
agravio	1	643
agresivo	1	1127
agria	1	1149
agrupa	1	1489
agua	12	1743,753,304,1315,399,652,441,890,17,1777,1096,451
aguantar	2	1526,1909
aguardan	1	1325
aguas	1	844
agudos	1	902
aguijón	1	1031
agujero	1	802
ah	9	505,1779,19,1291,22,1195,550,676
ahogaba	1	785
ahogada	1	1201
ahogado	1	312
ahogan	1	301
ahogara	1	1777
ahogarla	1	348
ahoguen	1	1209
ahora	38	1340,1045,1451,1687,1567,155,1382,1667,867,274,888,334,542,1351,1734,490,1374,1588,1996,436,1543,582,1201,1275,955,1786,999,1345,816,1500,1241,1525,608,1210,652,205,1313,1537
ahorcado	1	358
ahuyenta	2	24
ahí	6	1281,334,1643,446,435,110
ahínco	1	398
aire	14	1253,1978,1470,737,1557,163,460,930,1464,1578,1149,324,1594,617
aislando	1	33
ajenas	2	1196,1975
ajeno	1	712
al	186	504,498,1189,1162,256,1284,1601,180,404,1341,888,1006,1367,773,1240,717,96,1659,748,141,1860,57,749,918,844,336,6,99,645,1221,1904,1555,1589,830,1077,1809,1849,1035,834,1770,1260,1310,405,1220,1298,460,1596,698,1233,1552,812,1102,887,1180,1271,49,260,751,419,635,1195,1381,1683,705,11,1663,1804,1208,30,462,1141,1624,1446,1149,1490,901,864,649,1618,1153,1594,1866,1028,1504,1042,1261,1575,1486,815,176,1697,704,694,212,1191,223,1354,216,138,24,783,793,621,1147,1051,411,1130,1792,1665,171,1353,267,123,1423,1878,417,332,836,1293,1903,1121,555,45,1047,1592,1791,1497,1834,982,1720,707,1581,372,337,1754,1840,15,1295,905,1974,323,1532,1729,658,1767,869,1664,1096,451,1027,628,873,1643,1693,429,1321,863,745,625,854,876,276,177,970,1370,1856,366,1474,1980,606,1011
alababan	1	1280
alarma	1	380
alas	2	1502,979
alba	1	1475
alberga	1	913
albergue	1	933
alberto	1	919
alborozan	1	1184
alcance	1	1445
alcanzado	1	1710
alcanzarnos	1	1627
alcanzarás	1	597
alcornoques	1	1854
aldabonazo	1	1451
alegoría	1	352
alegra	4	179,127,820,671
alegraba	4	1708,1684,220
alegramos	1	1221
alegrar	1	748
alegrarlo	1	728
alegrarse	1	712
alegrará	2	368,857
alegrarás	1	1876
alegraría	3	66,464,1532
alegre	37	776,19,322,760,116,1364,372,1008,148,919,1341,492,196,1995,96,454,1680,767,877,477,619,1836,1978,1789,632,835,1866,1761,558,719,170,513,954,1594,1887,1763,344
alegremente	8	326,1626,1979,1576,171,955,432,481
alegres	2	1567,768
alegro	3	1977,1913,1461
alegré	3	851,1466,106
alegría	116	1452,884,960,195,1399,760,1120,149,885,347,748,590,156,1820,1264,1904,247,211,1938,1795,1632,654,721,1775,788,1298,618,1233,268,1976,1328,1747,1907,1827,1891,53,161,1428,705,1122,1818,1606,1501,551,552,1329,1151,1941,1255,1212,587,1164,680,1315,269,1066,210,1563,1127,223,63,1147,1640,1814,746,1571,1516,589,800,1513,1622,1423,475,357,784,1903,1694,208,150,1070,222,1418,1198,1104,1397,1375,1924,1673,1582,1729,658,1169,1344,1027,1603,745,297,970,321,1361,1740,1934,900,1296,1286,1545,1474,1800,173,614,71,1138
alegrías	8	1463,1701,380,1074,1327,1741,1625,1420
alegró	3	99,151,1958
alejaban	1	44
alejandrovitch	1	1948
alejarse	1	1399
alejó	1	375
algo	24	166,1494,840,1437,1346,334,1620,57,1725,1222,928,1867,1641,1804,1185,1755,561,1740,908,90,1296,555
alguien	20	1379,841,1725,425,1696,117,1435,1597,1952,1613,1797,1503,1468,1595,798,376,1688
alguna	19	1281,872,537,521,645,1762,1920,1930,1802,551,379,1849,22,929,1149,184,411,1171
algunas	9	1812,1279,1172,101,506,1208,893,526,1357
alguno	3	1465,314,1055
algunos	6	779,956,64,648,1344,1222
algún	12	1007,1211,787,1562,1990,1111,241,958,1956,933,1310,15
alicia	12	984,1201,1979,66,1479,1390,1576,118,1616,57,563,880
aliento	3	234,1489,975
alimenta	4	781,1274,1154,1134
alimentan	1	209
alimento	1	1772
aliocha	1	1541
alivio	1	329
alli	1	1775
allá	7	300,891,1770,1613,789,95,1202
allí	15	1139,1184,484,181,1227,371,1877,1897,509,622,1738,1994,1578,73,1708
alma	27	1508,1791,1512,902,1472,312,6,873,186,961,380,1185,1998,1736,1604,1740,753,1781,35,731,301,331,1491,1567,1702,1406
almas	2	1531,1477
almendras	1	945
almohada	2	1590,109
alpietro	1	1391
alrededor	6	1201,1114,454,1798,1866,1311
alrededores	1	509
alta	4	1590,338,1551,1941
altas	1	557
alteraba	1	1676
alternativas	1	1231
altiva	1	1257
altivez	1	303
alto	3	1281,325,1419
altruismo	1	1542
alturas	1	1947
alucinación	1	901
alucinada	1	399
alumbró	1	1255
alumnos	1	1720
alzaba	2	751,665
alzados	2	1419,1367
alícia	1	151
ama	26	136,980,1484,1499,1659,736,1727,1726,286,1503,1387,1069,928,1129,1478,643,479,1646,546,465,683,496,1790
amaba	6	463,299,280,26,808,1766
amaban	1	686
amabilidad	3	1640,849,1887
amable	3	1351,1192,835
amada	3	1306,1731,898
amadas	1	852
amado	10	267,546,1808,986,666,714,799,612,534,376
amalgama	1	1699
amamos	4	529,318,525,1032
aman	5	1381,666,1260,1300
amando	1	318
amanecer	2	1122,1234
amante	3	97,1069,645
amantes	1	1538
amar	27	591,356,1323,1620,1815,1735,286,1411,1492,387,1029,1176,500,1663,799,367,459,90,363,1781,361,534,679
amara	1	1786
amarga	1	745
amargada	1	937
amargarse	2	937,886
amargas	1	945
amargura	4	846,29,1524,1856
amarguras	1	398
amarla	2	137,1150
amarlas	1	714
amarlo	1	1499
amarnos	1	985
amaros	1	480
amarse	1	633
amasijo	2	1739,1293
ambas	1	987
ambición	2	460,1772
ambiguo	1	501
ambos	1	466
ame	6	136,285,1797,709,1049
amenaza	3	1555,339,103
amenazaba	1	1342
amenazado	1	1574
amenazante	1	454
amenazara	1	1633
amenazarme	1	1149
amenazas	1	1574
amiga	3	1007,1594,280
amigo	8	1071,338,183,618,1411,1358,911,1611
amigos	11	405,719,1626,1362,1229,210,648,866,1248,281,666
amistad	23	1760,1776,1700,210,281,540,1987,1620,438,1141,1583,1914,130,1251,780,1530,159,1088,979,72,1420
amistades	3	536,1845,690
amistoso	1	1607
amo	9	1719,1808,1550,1561,827,1068,1702,356
amor	250	1638,504,1932,1584,1772,550,1906,1383,1434,872,56,1442,1824,786,381,631,204,1100,1780,1815,1488,633,1034,1059,1569,392,964,1899,1799,645,1641,187,14,26,952,1910,1343,345,359,311,1865,772,1530,908,1046,363,1542,834,678,1000,1515,949,1539,788,1857,1107,1517,794,460,1759,1003,1161,647,1591,618,1855,1552,540,1117,1444,1604,740,244,412,1861,49,653,763,1018,1827,87,923,1475,1727,781,2000,1428,996,1247,1007,768,1176,1714,76,438,552,1133,1141,1706,73,672,130,1085,1297,313,780,972,1205,159,1274,35,1088,1618,1846,39,1065,1577,861,1560,1028,795,1598,1197,1776,430,1547,1440,968,677,1538,29,230,176,612,1697,1987,356,1030,1639,1354,1597,1951,24,1733,164,522,1871,895,1384,973,1319,626,1181,948,1146,1583,868,1254,875,1874,838,1353,267,1094,458,1239,236,1302,1457,465,1671,1981,731,1858,979,1491,1245,1406,1778,1935,157,1456,707,1524,1484,1140,1502,1427,1593,711,1522,105,192,1175,882,991,144,737,1266,62,904,490,839,1387,992,1949,451,4,1356,1919,1885,272,1713,1021,68,1290,278,981,1206,1241,900,205,1072,147,602
amoratada	1	1431
amores	8	1691,872,1580,1267,509,1774,945,1248
amorosa	1	251
amoroso	2	1390,523
amortigua	1	1177
amplia	1	1573
amplio	1	325
amándote	1	1844
amárrenlo	1	364
amé	2	519,1517
américa	1	1014
ana	1	344
anciano	2	1908,244
anda	3	201,1047,225
andaba	3	1341,393,285
andamos	1	704
andando	2	1705,1311
andar	2	1348,1655
ando	1	540
andreievna	1	344
andronikov	1	1422
anduve	1	740
anduvo	1	697
andábamos	2	3
angeles	1	1020
angosta	1	896
angustia	11	1621,1207,651,1325,1185,1339,331,337,692,1612,1686
angustiado	1	113
angustias	3	982,1420,229
angustiosa	3	807,339,1658
angustioso	3	319,869,1737
angustiosos	1	1113
anhelo	1	1026
anida	1	1060
anillos	1	1598
animaba	2	1082,1684
animado	3	1907,116,1284
animados	1	1249
animal	2	152,429
animan	1	1480
animosidad	1	97
aniquila	1	1834
aniquilarlos	1	126
anoche	1	798
ansia	2	872,1158
ansiados	1	1224
ansiedad	2	1555,1342
antaño	2	774,1054
ante	15	320,1409,1283,1423,467,1619,1723,1810,671,1998,1306,544,1140,705,358
anteanoche	1	229
anterior	1	990
anteriores	1	1592
antes	20	883,1928,337,1667,218,376,1249,1639,435,1956,1381,1913,336,930,508,731,1148,924,1945,453
antesala	1	791
anticipados	1	888
anticipar	1	1228
antigua	2	107,846
antiguas	2	557,278
antiguo	3	107,1182,93
antiguos	3	25,1848,398
antipatía	1	659
antoja	1	765
antoje	1	1548
antojó	1	584
anudan	1	421
anunciarse	1	435
apaciguada	1	470
apaga	1	1205
apagados	1	1490
apagar	1	1601
apagarlo	1	451
apague	1	400
apagó	1	169
apareció	1	1249
aparecía	2	1393,1034
apariencia	1	970
apartamento	1	608
apartamos	1	1610
aparte	1	1673
apartó	1	1233
apasionadas	1	1194
apasionado	1	1069
apasionamiento	1	915
apatía	1	1462
apenas	6	154,1975,923,1661,209,1871
apenitas	1	1431
aplacar	1	550
aplasta	1	1113
aplastaba	1	1546
aplastando	1	279
aplastar	1	923
aplastarlo	2	1925,485
aplaudida	1	1589
aplausos	1	237
aplicar	1	1275
apodera	1	449
apoderado	1	1724
apoderarse	1	916
apoderó	1	811
apoyó	1	990
aprecia	1	1214
apreciaba	1	137
apreciar	1	403
aprende	4	626,937,709,1383
aprender	1	1628
aprensión	1	339
apresuraban	1	1969
apresuré	1	406
apretaba	1	261
apretadas	1	125
apretados	3	512,1769,1617
apretando	1	446
apretaron	1	1554
apretones	1	779
apretándose	1	147
apreté	1	1190
aprieta	3	789,1078
aprovecha	1	297
aprovechó	2	1711,936
aproxima	3	339,530,103
aptitud	1	601
apurado	1	1728
apuros	1	1944
aquel	31	282,899,243,1053,759,1303,1861,1959,1216,87,1044,850,1273,1588,33,1978,712,1287,986,1892,1967,745,1232,817,383,97,731,1933,1234
aquella	32	280,322,840,802,1233,1102,1367,1438,1673,1240,786,456,807,264,860,1610,1273,33,358,1422,1007,1999,1257,1684,1423,1908,1724,43,453,1304
aquellas	3	905,1959,1245
aquello	6	277,14,1082,1454,1273,1481
aquellos	14	388,1580,69,1220,1354,570,714,509,648,1988,565,684,377,704
aquéllos	2	452,1475
aquí	34	1242,776,478,1591,789,694,542,1402,213,312,1739,1670,1592,1654,898,1814,1892,1642,271,1149,818,191,1546,742,1230,649,398,1934,450,1293,496,45,656
arcabuceaba	1	139
arde	1	1720
ardiendo	1	1769
ardiente	6	538,719,1598,1440,176,1593
ardor	3	456,480,8
ardrés	1	1958
arena	2	1002,1883
argumentos	1	1871
aritmética	1	1131
arles	2	1556,1089
arma	2	1820,956
armario	1	718
armas	1	1574
armonía	3	713,829,85
arpa	1	1
arrancaba	1	1298
arrancado	1	845
arrancan	1	1531
arrancarme	1	310
arrasados	1	548
arrastrado	1	248
arrastramos	1	689
arrastro	1	132
arrastró	2	888,1506
arrebato	1	1449
arrebatándole	1	1275
arrebató	1	1635
arregla	1	469
arreglan	1	60
arreglando	1	1281
arreglo	1	706
arrepentimiento	1	889
arrepentimientos	1	994
arrodilla	1	1078
arroja	1	239
arrojad	1	1821
arrojados	1	1419
arrojó	2	1467,1635
arruga	1	6
arrugan	1	6
arrugas	1	125
arte	5	626,1886,1668,1411,937
arturo	1	508
artículo	1	843
artístico	1	591
asalto	1	115
asamblea	1	30
ascendiente	1	467
asco	1	365
asemeja	1	269
asesinado	1	1912
asesinando	1	1595
asesinato	3	382,579
asesinatos	1	100
asesino	1	1984
asfixia	1	1113
asilo	1	16
asintiendo	1	1551
asistido	1	1616
asistir	1	1102
asombrado	1	384
asombro	3	807,36,830
asombroso	2	1740,1373
asomo	1	1164
asomándose	1	1431
aspecto	3	329,19,1608
aspectos	1	1290
aspiro	1	1009
asquerosa	2	1924,383
asquerosos	1	1828
astillas	2	1227,1643
astuta	1	262
asunto	2	516,1004
asusta	3	1432,1424,1748
asustaba	1	609
asustaban	1	1409
asustada	1	1096
asustado	4	1743,1978,1655,1114
asustados	1	253
asustarse	1	1670
asustes	1	639
asusto	1	1804
asusté	1	1566
asustó	3	1666,334,802
así	26	1023,1267,1437,540,289,1907,1225,371,1680,648,1101,369,1962,1708,844,645,1642,946,1917,143,1615,1856,205,683,1310,173
ataca	1	677
ataque	2	923,1449
ataques	1	1462
atardecer	4	1497,1006,1534,1754
ataúd	2	323,1306
atemorizada	1	298
atemorizado	1	406
atemorizante	1	325
atendiendo	1	1054
atentamente	1	384
atente	1	920
aterido	1	1811
aterrado	2	384,316
aterradoras	1	1709
aterradores	1	1892
aterrase	1	1900
aterroriza	1	1292
aterrorizado	1	32
aterrorizaron	2	909,1875
aterró	1	329
atiende	1	1860
atmósfera	2	428,804
atormenta	3	873,1885,1522
atornillada	1	1610
atracción	1	1491
atrae	2	1321,1668
atraerse	1	1541
atraje	1	1169
atrajo	1	786
atrapado	1	246
atravesada	2	1675
atravesaron	1	830
atravesó	1	1117
atraviesa	1	1252
atraído	2	538,1324
atreve	1	356
atreverme	1	692
atreverías	1	1271
atrevido	2	1150,1147
atrevidos	1	998
atrevió	1	1062
atrevo	1	1023
atrevían	1	194
atrio	1	305
atrocidades	1	134
atroz	4	1185,1955,561,657
atrozmente	1	1998
atrás	6	1119,1544,574,919,202,1931
aturdirme	1	1423
até	1	1856
atónita	1	250
audaz	1	1810
aulló	2	1207
aumenta	2	146,396
aumentado	1	1440
aumentando	1	151
aumentar	1	680
aun	4	1224,307,1005,1630
aunque	16	489,18,558,768,136,908,1290,1650,1448,1462,1742,385,1774,606,1915,1234
ausencia	3	221,460,21
austríaca	1	1083
autorebajamiento	1	810
autores	1	71
auténtico	1	1560
avanzada	1	1842
avanzar	1	1708
avaricia	2	1867,1072
aventura	1	251
avergonzado	1	220
aversión	1	836
avidez	1	1600
aviesa	1	1662
avive	1	267
avión	1	1236
ay	2	1885,1955
ayer	4	690,1591,1276,154
ayuda	1	1527
ayuntamiento	1	429
azabache	1	1804
azadón	1	150
azahar	1	1743
azotan	1	680
azules	1	1414
azúcar	1	1833
añadido	1	1130
añadirse	1	1581
añadiré	1	728
añadió	3	875,1505,1308
año	1	162
años	16	1215,125,1967,488,154,665,1581,1079,1124,919,1427,684,33,360,6
aún	16	773,1810,572,1773,899,1736,1774,1813,1940,938,1610,1096,339,28,1301
bacteria	1	961
bailando	1	481
bailarines	1	314
baile	1	1941
baja	5	397,1882,118,1784,566
bajando	1	416
bajar	2	1527,351
bajaron	1	1963
bajará	1	1743
bajas	1	301
bajito	1	1465
bajo	13	197,1342,1271,723,737,485,718,402,1435,1998,109,1757,5
bajos	1	627
bajársenos	1	271
bajó	5	234,55,1545,1147,705
balazos	1	1436
balbucí	1	326
ballena	1	1860
banco	1	11
bandido	1	231
bandolero	1	1436
barbilla	1	234
barcelonesa	1	391
barril	1	1856
barrio	1	1784
barro	1	1061
basa	1	1343
basado	1	1796
basarse	1	278
base	4	1832,1429,1443,105
basta	6	831,1318,768,1881,1218,1417
bastan	1	1228
bastante	6	1622,787,1759,322,1345,985
bastones	1	1330
bastó	1	1804
basura	1	1184
batalla	1	1885
batallas	1	139
batallón	2	1338,1130
batería	1	481
batir	1	1941
bautizar	1	1394
bañar	1	260
bañarse	1	1212
beber	2	33,1008
bebida	1	1042
bebía	2	1600,798
bella	5	1311,1326,1853,1300
bellaco	1	950
bellas	2	1760,653
belleza	11	1640,460,727,74,1773,1853,1697,573,1305,1213
bellezas	1	170
bello	2	293,861
bendecido	1	941
bendecir	1	1924
bendeciré	1	1180
beneficiosa	2	1795,1818
benevolencia	1	1716
besa	5	205,738,1122,910
besaba	1	234
besado	1	1258
besamos	1	1749
besarla	1	46
besarte	1	1340
beso	6	390,1922,896,1265,233
besos	6	1945,729,1963,147
besándole	1	890
besé	2	1193,261
besó	4	263,1753,1883,1467
bichos	1	1828
bien	45	822,1327,689,155,1443,1382,148,1593,376,218,1444,1719,953,1743,1958,1317,381,368,1216,1362,1532,1860,138,471,1568,992,1222,1356,712,837,639,1455,30,1257,191,1626,554,1864,1090,924,124,173,1625,744
bienes	1	156
bienestar	1	1612
bienhechor	1	256
bigotes	1	1821
biliosos	1	1465
billete	1	563
bioring	1	1806
bizkainos	1	704
blanca	2	1576,1414
blanche	1	654
blanco	3	1357,205,1908
blancos	5	687,1431,199,1804,1544
blancura	1	1998
blasfemia	1	1168
blusa	1	234
boca	23	1598,984,1749,1970,1870,583,806,1860,309,1349,1617,17,896,1883,1374,1309,798
bocas	2	167,1945
boda	1	1059
bodas	1	1355
boliche	1	555
bolsón	1	1728
bondad	4	1740,518,1697,1817
bonita	2	1392,778
bonitas	1	1758
borde	2	1349,806
borgia	1	1824
borracho	1	1042
borrar	1	601
borró	1	1873
bosque	4	151,406,776,1616
bota	1	279
bovedilla	1	1856
brasero	1	566
bravo	1	958
brazos	8	167,1549,1208,1630,1467,1120,41,1085
bridas	1	1104
brilla	1	738
brillaba	2	63,341
brillaban	3	897,1440,357
brillante	2	1970,1249
brillantes	2	1193,896
brillo	2	669,1064
brilló	1	721
brindaban	1	1182
brindan	1	64
briznas	1	1819
bromas	1	745
bromeaba	1	654
bromearon	1	779
bronce	1	1399
brotaba	1	1395
brotó	1	427
bruja	2	1975,1989
brujas	3	1196,1529,1556
bruscamente	3	1465,1777,1454
brusquedad	1	418
brutal	1	1917
brutalmente	1	728
bríos	1	857
buen	9	1099,379,745,30,799,982,817,670,346
buena	14	812,1789,1981,580,857,214,53,1901,1955,161,1417,404,1987,1151
buenas	3	1898,587,1953
buenmozo	1	454
bueno	6	986,1264,1112,1904,491,1949
buenos	3	1519,1642,1155
buitre	1	1134
bulto	2	1609,1629
burgel	1	306
burgués	1	745
burla	3	586,855,767
burlaba	1	1958
burlas	3	1007,584,1541
busca	10	150,1643,225,1119,181,1699,968,31,1141,1159
buscaba	1	1784
buscaban	1	351
buscan	1	1749
buscando	3	794,1277,67
buscar	1	491
buscarla	1	1264
buscarle	1	1532
buscarme	2	478,1368
buscarnos	1	3
busco	1	1721
busque	1	1132
busqué	2	255,519
bárbaro	1	1676
básicas	1	56
cabales	1	95
cabalgamos	1	123
caballero	4	1225,210,513
caballo	4	1562,314,787
cabe	2	959,1642
cabecera	1	466
cabello	4	1135,845,1908,1593
cabellos	6	738,1804,1306,414,310,1791
cabeza	23	787,155,1551,906,1127,984,454,1952,1544,767,530,1960,1356,875,1862,384,79,1408,402,181,990,1153,1332
cabezas	1	367
cabo	2	1581,1310
cabrío	1	1791
cada	39	1278,1627,1451,235,1228,1834,1782,1771,1667,351,642,207,966,389,1673,1055,998,85,138,1013,233,1506,856,1918,113,509,1265,1302,559,1605,366,1121,1694,344
cadavérica	1	507
cadena	1	747
cadenas	1	1271
caderas	1	414
caderousse	2	849,101
cadáver	9	371,1208,1908,1738,938,1357,1610,1833,888
cadáveres	2	1931,1988
cae	2	923,239
caen	1	488
caer	9	388,163,1435,1575,1849,1908,1605,869
caiga	2	405,628
caigo	1	1777
caja	1	1295
cajón	1	764
calamidad	1	192
calavera	1	340
caliente	1	1085
calla	1	236
callamos	1	623
callarme	1	853
calle	2	334,1976
calles	4	1184,1014,1089,1964
calló	2	447,572
calma	3	454,1448,1948
calor	6	717,500,1497,1777,1557,1006
calumnia	2	1504,521
calumniado	1	1902
calumniador	1	1504
cama	11	1375,814,577,718,1776,1078,1590,853,1777,692,764
camarada	1	521
camaradas	1	456
cambiado	2	1950,1338
cambiar	1	1965
cambio	3	905,492,439
cambios	1	1224
camina	1	611
caminando	2	1497,1006
caminar	1	1966
caminata	1	611
caminero	1	1729
camino	6	814,1640,1518,1658,1552,1931
caminos	3	540,625,887
caminó	1	454
camisa	1	1414
camión	1	975
campana	1	1594
campo	4	1998,645,147,1534
campos	1	205
canalla	1	524
canasto	1	1404
canciones	2	369
canción	1	513
canillas	1	1833
cansa	2	1783,544
cansaba	1	1361
cansado	3	1519,1603
cansancio	1	473
cantar	1	1903
cante	1	513
canto	1	1
canté	1	924
capaces	3	1916,1131,1401
capacidad	1	504
capaz	3	137,1620,1008
capitán	4	1523,1101,477,316
capricho	2	392
cara	18	694,125,1470,1431,1506,1787,580,507,1842,1968,665,1545,1610,1836,1060,233,926
caracolas	1	890
carcajada	2	982,310
carcajadas	2	1745,1017
carcelero	2	1643,1800
carceleros	1	139
carencia	1	907
careta	2	1607,250
carga	2	1553,1498
cargaba	1	1623
cargada	3	538,55,770
cargado	2	1594,1557
caricia	1	703
caricias	2	435,1557
cariño	2	1366,1565
cariñosa	1	1711
carlos	1	1552
carne	3	631,339,772
caro	3	168,1335,1824
carretas	1	1964
carretero	1	33
carros	1	1227
carroña	1	676
carruaje	2	917,375
carta	3	1551,1422
cartas	4	1184,1857,1862
carton	1	506
carácter	3	619,1462,1740
casa	27	795,824,1658,1687,520,1104,240,792,1225,264,161,627,1096,638,197,1221,1264,566,1941,1519,558,524,511,370,832,1903,1371
casada	1	1641
casamos	1	672
casar	2	1766
casarme	1	1368
casarnos	1	1043
casaron	1	1355
casarse	3	289,1816,363
casas	3	1196,1875,1590
casi	20	1598,960,1390,162,1382,1467,1673,1468,33,895,930,466,911,1740,1795,719,834,1742,1357
caso	7	624,941,380,854,290,336,1896
casos	1	557
castañeteaban	1	621
castigo	4	1835,714,241,1201
castillo	2	914,1594
castillos	1	1470
casualidad	2	728,1656
catalina	2	328,1007
cataléptico	1	1462
causa	11	901,1342,1478,645,396,1119,1878,900,1066,162,625
causaba	1	454
causado	1	1390
causarme	1	1282
cautiverio	1	1220
cayendo	1	414
cayó	4	305,1723,1579,888
caza	1	456
cazador	1	477
caí	1	15
caía	2	1811,854
caían	1	162
caída	1	732
caído	1	1923
cedía	1	441
cegaba	1	1179
cegados	1	1865
cegándoles	1	1531
celebrada	1	1589
celebrando	1	603
celos	5	97,882,1072,209,1248
celosa	1	1679
celoso	1	136
celosos	1	1718
cementerio	1	1594
cementerios	1	1483
cena	1	1423
cenaban	1	322
ceniza	2	1234,792
censura	1	141
censurados	1	141
centenar	2	680,1957
centenares	1	177
centro	1	1969
centésima	1	1719
cepillo	1	1667
cerca	9	437,841,500,1759,1158,1312,1994,1468
cercana	1	1930
cerdos	1	1184
ceremonia	1	492
cernía	1	1253
cerrada	2	1514,143
cerradas	1	455
cerrados	1	1283
cerrando	1	1010
cerrar	3	374,692,1554
cerrojos	1	1707
cerré	1	1089
cerró	3	474,511,169
certeza	1	610
certidumbre	2	1056,209
certificado	1	429
cervata	1	1135
cerveza	1	1008
cesar	2	1604,444
ceuta	1	1230
ceño	1	996
chacal	1	1436
chapotié	1	1035
charco	2	641,652
chato	1	1118
chica	1	857
chicas	1	1248
chico	1	1960
chileno	1	1534
chilló	2	1821,984
chingado	1	1991
chingar	1	1991
chiquillo	1	950
chiquillos	2	66,584
chirrido	1	1800
chisme	1	1184
chispa	1	1216
chona	1	1909
chorro	1	802
cicatrices	1	540
ciega	2	165,101
ciegamente	1	1645
ciego	1	1339
ciegos	1	1865
cielo	18	941,1367,737,1476,1596,748,1527,1860,1006,1235,665,1002,827,224,1234,411,1138
cielos	1	1624
cien	7	274,748
ciencia	3	1608,1591,1413
cientos	1	844
cierra	2	165,1252
cierro	1	146
cierta	5	537,299,1224,1891,352
ciertamente	1	219
ciertas	2	782,1130
cierto	6	412,813,1439,1327,544,1836
ciertos	1	782
cimas	1	1318
cinco	4	442,93,1984,1008
cincuenta	1	1112
cines	1	1969
cintura	2	1989,414
circunstancias	1	751
cirios	1	1431
cita	1	509
ciudad	3	1556,522,299
ciudadana	1	608
ciudadano	1	1689
ciudades	1	1196
civilizaciones	1	278
civilización	1	1893
clamando	1	1591
clamas	1	1591
clamores	1	1419
clara	2	1168,1516
claras	1	155
claridad	1	1216
claro	6	924,683,938,1021,1958,238
clase	8	784,580,646,1848,1712,1950,439,1553
clases	1	1236
clavado	2	1912,1031
clientela	1	1054
cobarde	7	320,1342,1936,605,881,1057,744
cobardes	2	565,1331
cobardía	1	1199
cobardías	1	935
coche	1	1404
cocina	1	472
codos	1	990
coexisten	1	1315
cogido	1	1485
cogidos	2	1367,1116
cogió	2	1820,618
cogí	1	15
cogía	1	298
cola	1	1087
colchón	1	1020
colegio	2	1720,1541
colgado	1	834
collar	1	1281
colmo	1	337
coloca	2	1163,377
colocar	1	731
colocó	1	530
color	6	687,196,984,1334,393,1234
coloración	1	586
colorada	1	802
colosal	1	1031
colérico	1	1745
comadreos	1	1184
comala	1	1549
comarca	1	1875
comedia	1	1244
comedor	1	206
comencé	1	1179
comenzaba	1	271
comenzar	1	1189
comenzaron	2	893,1227
comenzó	6	1673,402,1355,1158,271,611
comer	2	555,387
comete	2	1016
cometer	2	561,1098
cometido	2	1098,382
comezón	1	1158
comida	1	781
comido	1	1357
comienza	1	445
comienzan	1	502
comienzo	4	873,1929,339,1310
comisario	2	1118,346
comitiva	1	1127
como	178	1433,1452,512,1258,689,1579,305,1367,1645,1435,655,1898,441,20,844,1463,1641,1820,1833,706,952,508,1157,271,1988,58,976,1808,772,1046,1493,363,806,1716,634,897,1554,1770,298,1124,496,1309,1541,445,1107,1451,520,103,1437,1591,1613,1207,1667,127,670,1102,442,244,1089,987,1959,1701,507,1652,774,893,923,770,825,1617,1777,781,771,856,768,304,329,1804,367,1404,561,125,972,1205,399,1594,1633,525,1533,25,1598,315,1315,651,1267,1782,230,789,176,612,1248,1823,704,764,995,953,303,569,1354,510,1951,1528,1465,1060,33,1185,948,1741,1505,1797,734,816,950,474,402,659,1471,1903,43,1660,787,1760,199,1745,1819,1886,1840,229,337,105,737,1135,1411,1949,712,1029,1749,1970,1885,863,1509,188,1025,538,1609,846,1856,1349,64,903,173,1595,1926,147,1234
comodidad	1	1919
compadecía	1	990
compadezco	1	602
comparadas	1	1892
comparado	1	475
comparados	1	704
compararte	1	965
comparte	1	688
compartir	2	1009,1780
compasivas	1	1208
compasivos	1	1558
compañero	2	1390,988
compañeros	1	1541
compañía	5	1680,632,1735,1866,725
compensado	1	771
competente	1	482
complace	1	1074
completamente	5	1357,1667,257,414
completo	4	916,762,746,1149
complicado	1	1977
componen	1	60
comportarse	1	313
compostura	1	1008
compran	2	1533,680
comprarlo	1	787
comprenda	1	1366
comprender	14	1621,1045,1912,631,784,1149,1582,175,1313,1471,974,194,709,1415
comprenderás	1	484
comprenderéis	1	787
comprendidas	1	852
comprendido	2	629,1915
comprendo	1	356
comprendí	1	698
comprendía	1	124
comprensivo	1	2000
comprobar	1	371
computadoras	1	1838
computadores	1	1599
comunica	1	1205
comunicativa	1	1151
común	1	886
con	308	1242,1803,1584,1399,1527,1189,899,1403,550,1048,1551,128,239,416,692,1120,1453,1367,80,885,1601,403,872,738,1824,454,371,1078,1860,441,310,1899,1200,1820,1218,1998,509,830,306,211,994,486,1607,1809,772,1283,1696,363,654,718,721,806,585,1035,1250,1338,1600,1049,798,1746,445,489,575,1003,1161,1487,802,988,618,169,1667,1954,540,1958,442,244,49,1959,309,1734,1777,1561,790,414,1753,146,1007,1978,768,1320,134,1133,1203,1087,747,1590,1016,1149,1345,1490,1500,1761,79,328,687,313,111,1816,398,1882,1864,1090,450,730,1594,1215,1732,324,1514,1028,594,25,680,206,514,13,1042,1548,1066,1440,823,1419,1364,1368,789,1454,912,1469,1248,1512,1702,1738,1127,584,356,704,831,303,743,338,1063,1112,1216,1,1597,998,1699,685,1890,1136,720,477,1417,114,1640,1384,973,1412,1665,171,1807,1880,1892,382,1082,853,858,1183,1505,1741,1797,734,1874,800,950,1862,1546,97,1622,1912,475,1099,1525,990,1878,1238,1689,1728,72,1883,1945,45,250,1281,150,787,1070,1850,1881,1104,936,958,1720,285,1754,1593,1743,502,207,1392,1673,688,673,1135,241,914,418,690,889,490,1682,95,627,992,1169,1344,1374,1481,1731,1949,18,1643,1977,1970,66,158,1025,283,1113,1615,343,811,1279,846,703,1856,513,203,205,1349,1842,1908,1545,1800,1811,1160,1193,119,1567,147
concebir	1	1369
concebía	1	74
conceda	1	439
concedido	1	117
concha	1	422
conciencia	5	1370,755,53,1077,771
concierto	1	1693
concluir	1	1189
concluye	2	530
concluyente	1	164
condenadas	1	638
condenado	3	730,562,58
condescendencia	1	866
condiciones	2	460,989
condición	3	180,366,60
conduce	2	73,1552
conduciría	1	540
conductos	1	759
confesado	1	737
confesar	2	911,1226
confesaría	1	18
confianza	3	1612,452,1289
confidencias	1	540
confieso	3	1226,787,1051
confirmado	1	759
confió	1	262
conformarse	1	114
conforme	2	44,335
confunde	1	1686
confundidos	1	169
confusiones	1	595
confusión	1	151
confuso	2	814,1415
confío	1	1656
congela	1	1064
congregado	1	671
congregó	1	1555
conjunto	1	790
conmigo	12	289,1086,1359,1444,1421,1103,1192,1067,31,761,1037,4
conmociones	1	1245
conmoción	1	1694
conmovimos	1	266
conmueva	1	805
conoce	3	641,1060,1988
conocemos	1	1737
conocen	2	1569
conocer	2	1144,661
conocerse	1	1355
conocidas	1	1279
conocido	3	859,1768,1775
conocimiento	4	1608,1000,1307,713
conocimientos	1	1867
conociéndonos	1	540
conociéramos	1	1656
conocí	2	1645,162
conocía	2	1341,341
conocíamos	1	1661
conozco	2	177,356
conquista	1	1933
consagrarme	1	1758
consciente	1	1232
consecución	1	38
consecuencia	1	173
consecuencias	1	920
consecuente	1	2000
conseguirás	1	72
consentido	1	942
conserva	2	1852,573
conservaba	1	1513
conservar	1	1294
conservarlos	1	1967
conservo	1	1813
considera	1	1380
consideraba	2	833,1871
consideraban	1	358
consideraciones	1	1810
considerado	1	1908
considerar	3	1165,948,745
consigo	3	554,1224,1675
consiguiente	1	333
consiguiera	1	1818
consiguieron	1	1186
consiguió	1	1604
consiste	8	403,1570,175,85,1756,114,67,1603
consistir	1	138
consistía	1	759
consolar	1	1377
consolarla	1	80
constante	4	1688,166,1462,713
constantemente	1	1042
consternación	1	1490
constituye	2	749,1050
construir	1	1470
construyéramos	1	824
consuela	3	48,1046
consuelan	1	1340
consuelo	2	1699,1754
consume	1	451
contaban	1	627
contacto	3	1795,1671,743
contagiarse	1	1670
contagio	1	1900
contagiosa	1	1747
contagioso	2	670,1688
contando	1	1975
contar	1	733
contaré	1	484
contemplar	3	1225,47,1240
contemplarla	1	1905
contemplarlo	1	332
contemplarlos	1	768
contemplé	2	1444
contenerlo	1	1302
contenida	1	1281
contenta	13	1754,966,1054,1576,1734,1767,1447,470,1485,1715,761,950,1028
contento	9	1519,537,755,1476,96,246,1711,1551,919
contentos	2	1010,680
contentó	1	143
contestado	2	1719,1809
contestar	1	918
contestarme	1	1719
contestaron	1	1928
contestaré	1	1809
contestas	1	1308
contesté	1	463
contestó	3	1734,368,1453
contigo	6	829,1314,739,867,387
continua	4	637,482,874,1516
continuaba	1	328
continuamente	2	327,339
continuaron	1	481
continuidad	1	1891
continuo	1	215
continuó	2	941,30
continúas	1	67
contra	26	1480,1451,1162,801,305,1667,1444,893,427,758,444,261,1211,521,304,485,383,911,1862,17,1926,147
contradecía	1	1007
contranatural	1	430
contraria	1	1664
contrariados	1	945
contrariedad	1	1948
contrario	9	14,1848,796,749,946,372,1913,881
contratiempos	1	1436
contribuyeron	1	1408
contó	3	509,27,1365
convenciese	1	569
conveniencia	1	1871
convenientemente	1	139
convertido	1	87
convertirse	1	955
convicciones	1	951
conviene	1	533
convierte	3	590,1770,186
convierten	1	209
convirtiéndose	1	1587
copas	1	1493
coraceros	1	1350
coraje	2	1640,486
coraza	1	1469
corazones	2	367,1329
corazón	81	1533,1318,315,135,1451,1584,1104,1399,210,1161,1852,1720,1563,812,1667,1947,1954,1117,1394,700,1064,664,696,1701,1815,1810,1402,1252,658,1777,1611,427,758,844,1428,411,1753,1086,99,1426,1412,1430,1880,551,272,746,1904,31,983,1185,1998,853,1446,817,916,1031,1874,523,384,1607,913,1457,1423,424,1206,1259,35,1846,750,39,588,331,1883,84,119,553
correr	3	1728,1959,1138
corresponde	1	1059
corresponder	1	1358
correspondido	1	465
correteando	1	955
corrido	1	1048
corriendo	3	1147,1218,705
corrió	2	234,1120
corro	1	1707
corrompido	1	1602
corrían	1	548
corsario	1	1008
corta	2	1414,1142
cortante	2	1622,150
cortar	3	1306,213,147
cortaría	1	1332
cortas	1	1327
cortejaban	1	1280
corten	2	79,984
corteza	1	844
cortina	1	718
corto	2	458,1903
cortos	1	704
cosa	30	1281,397,1401,47,1971,741,802,1987,1511,808,1330,21,1731,1818,358,768,1157,946,1755,143,1149,267,1920,1239,879,1981,409,1921,1004
cosas	30	600,1760,157,1584,155,318,526,1779,32,1727,217,99,977,1714,284,706,77,462,942,858,469,483,1604,1094,723,1119,399,1412
cosmos	1	1627
costa	3	855,1573,1903
costado	1	1489
costillas	1	802
costumbre	4	1622,442,1440,507
costó	1	1335
cotidiana	1	1871
cotidiano	1	87
crea	1	866
creación	1	460
creando	1	1848
crear	1	1692
crearon	1	570
creas	1	1391
crece	1	711
crecer	1	1755
crecerá	1	1238
crecido	1	370
creciendo	1	737
crecí	1	255
cree	4	856,1396,1944,674
creer	4	1543,82,1237,1678
creerán	1	429
creo	16	13,1535,591,1659,116,637,1329,1454,1260,413,1901,1352,1311,221,999
creyendo	1	461
creyó	2	899,1816
creí	3	1757,119
creía	4	832,1007,87,625
criado	1	23
criatura	7	863,745,256,1027,679,33
criaturas	1	167
crimen	4	1792,1736,1146
criminal	1	58
cripta	1	264
crispadores	1	604
cristal	2	1527,36
cristales	1	757
cristianos	3	1926
criterio	1	799
cruces	1	1391
cruel	4	94,791,1086,598
crueldad	5	687,696,1961,510,1893
cruz	2	1593,669
cruzado	1	1477
cruzarse	1	1477
cruzaré	1	1549
crédulo	1	482
créeme	1	333
crítica	1	1297
críticos	1	1336
cual	8	1370,872,743,1810,1125,1874,1168
cuales	3	1194,1673,1161
cualidades	1	1898
cualquier	16	1029,1452,1401,485,879,1759,257,944,1330,1879,1411,1049,906,1818
cualquiera	4	1683,937,97,427
cuan	1	175
cuando	116	1638,47,1584,219,1006,394,1064,1227,286,1744,99,1139,500,765,26,77,1910,271,1998,51,1766,669,377,1311,405,1508,255,103,1756,1822,340,666,1995,161,1503,1314,1753,768,76,1236,1531,1668,1450,1941,1594,1495,680,1598,1486,210,769,1419,1268,1306,584,356,334,369,1725,531,1147,1129,117,1801,589,1874,950,41,1973,990,417,1377,1635,1371,1778,1317,728,126,1497,1104,154,947,1922,318,938,207,1974,807,1544,671,109,1798,855,1949,702,1073,1455,410,491,1123,1736,1615,1927,753,1626,963,703,1474,1193
cuanto	18	137,913,502,1518,1673,884,1861,843,863,909,430,1103,1707,1090,1759,1847,1581,33
cuarto	1	1047
cuartos	2	135,638
cuatro	1	460
cubierta	1	1385
cubierto	4	517,1386,1912,1235
cubre	1	197
cubren	1	1854
cubriéndolos	1	205
cubro	1	1970
cubría	1	1357
cucarachas	1	893
cuchicheando	1	1182
cuchilladas	1	1348
cuchillo	4	615,1912,1643,1820
cuello	2	1078,834
cuenta	8	568,1641,300,1959,1759,1080,1655,702
cuento	2	1184,1599
cuentos	3	1529,1034,1408
cuerdas	1	1856
cuerdo	1	1311
cuerpo	29	933,1884,374,1472,1064,717,1959,1081,441,1777,414,996,645,304,745,1704,1672,473,1085,1302,1870,331,1491,1594,1028
cuerpos	1	1988
cuervos	1	1531
cuesta	3	1335,580,1470
cuestión	2	1125,1275
cuidado	4	720,1643,283,935
cuidados	1	1874
cuidadosa	1	510
culpa	2	1162,1433
culpable	1	833
culpables	1	1792
culpar	1	422
cultiva	1	1488
cultivaba	1	743
cultivado	1	863
cultura	1	1842
cumplimentarla	1	654
cumplir	1	154
cumplirse	1	366
cuna	1	681
cunde	1	1272
cupido	1	1341
cura	5	1760,1700,408,541,996
curan	1	336
curarme	1	698
curaría	1	256
cure	1	541
curiosidad	3	1495,967,1620
curioso	1	605
curso	2	863,928
curvas	1	414
cuya	5	1342,1924,1066,912,1160
cuyas	1	905
cuyo	2	1185,1924
cuyos	2	1908,357
cuál	1	807
cuán	6	542,1904,1475,1505,875
cuándo	2	549,461
cuánta	1	875
cuántas	1	1517
cuánto	10	1340,645,539,1178,1291,26,820,1909,1447,110
cuéntame	1	1356
cuídate	1	700
cálidas	1	158
cáliz	2	29,1524
cállate	1	984
cálída	1	341
cámaras	1	1232
cáncer	1	847
cáracter	1	148
cárcel	1	299
cárceles	1	139
cóbraselo	1	168
cólera	21	1695,1449,75,1093,1915,1521,1948,767,52,1179,770,850,547,1880,379,1555,1016,1031,676,811,8
cólico	1	976
cómico	1	1465
cómo	33	269,1651,805,592,425,356,196,1001,1751,347,1815,74,279,1280,1653,1221,1814,509,349,999,247,60,1500,363,549,27,1393,1445,1317
cómplice	1	1146
da	13	197,289,412,843,1166,365,269,914,1572,1839,1270,1345,702
daba	4	970,402,1952,778
daban	3	509,1344,1964
dada	1	1986
dado	8	1519,1640,1945,717,1223,1505,372,1121
dame	1	1086
damiselas	1	1372
damos	1	1410
dan	6	1063,57,1772,253,147,1941
dando	2	1248,155
danglars	4	736,521,74,1662
danos	1	297
dantés	5	1211,521,101,849,1051
dar	11	1941,1463,731,1894,1904,1910,630,1141,1903,310,676
daremos	1	792
darme	2	1112,168
darnay	3	1552,447,1267
darnos	2	1140,1171
darse	1	1759
daru	2	930,383
dará	3	300,1641,876
darás	1	568
daré	1	694
daría	2	1111,274
dañina	1	75
daño	4	1147,1955,783,1898
de	1461	1433,1803,1932,195,1584,646,689,1757,1722,1056,1303,888,139,1006,137,872,1240,1824,299,454,631,1956,1735,544,1925,1957,844,316,40,345,202,306,483,1607,1769,1283,100,467,806,669,1773,1554,1770,94,1884,377,1311,1541,405,1889,1184,1700,1759,1020,1676,945,618,169,268,1019,906,640,59,1959,368,751,1108,635,693,893,1561,1610,1468,1683,1492,1913,705,1122,1379,1691,1007,1501,438,551,1236,1061,48,174,1404,1531,911,1672,346,313,524,159,1864,1594,1215,1092,617,656,25,397,1479,478,506,1364,789,1294,1306,1469,1823,716,274,704,1159,831,1394,743,1639,1216,1,510,826,860,907,1136,1079,427,793,621,1725,1792,886,1666,1080,1429,1655,41,388,1546,97,1094,1457,1423,1916,357,181,784,990,1845,1656,1471,1712,1872,578,1945,586,1400,1213,1304,1340,787,126,199,1576,235,958,1848,1950,526,1443,229,337,249,801,938,1754,1295,1249,1743,1762,196,1425,527,65,323,1729,264,52,44,796,951,314,712,1518,1321,762,1262,854,916,1113,2,177,1361,568,36,1290,1119,846,1206,900,1742,1349,1842,331,1072,1474,173,833,1595,147,701,960,560,1399,93,386,1144,1105,1906,416,1367,80,1253,1472,232,1659,655,1511,279,754,1631,1711,633,156,312,1744,1739,1211,1799,1936,548,645,1431,1264,187,380,22,499,247,211,473,1795,1599,1831,1408,1964,1000,415,1515,1775,1830,453,352,1095,489,580,1462,616,327,1372,1591,1989,1557,340,1954,540,1102,1117,1407,1444,1143,653,1620,1018,179,1081,1521,774,1252,923,530,21,770,1777,1273,638,771,11,1176,485,1246,1590,1347,1624,209,1016,1450,1251,755,1297,446,601,742,649,1549,1109,557,1301,437,1380,1598,13,280,135,1929,1440,1419,176,374,107,584,1152,456,319,1597,1890,74,922,593,1324,138,1568,1708,132,1292,33,1013,1871,915,1923,837,1814,1181,746,1758,466,1185,1177,1037,1373,1622,1671,1912,123,1405,1414,1991,1525,1448,1728,1724,1312,1293,1883,1357,1592,679,1371,1694,1791,1760,1658,1556,1819,1720,142,251,1263,1636,148,447,1392,1924,807,583,1385,1351,1983,215,418,851,1044,1485,1461,1096,89,261,197,624,1071,1977,284,429,862,1275,745,1704,965,439,1994,1125,221,970,68,1370,1279,1740,559,1609,1856,1721,205,1286,1681,735,1811,5,333,151,1833,881,1234,55,1452,600,620,1971,1527,899,1162,550,1048,239,759,404,1174,1009,1120,885,773,1064,362,1860,57,1705,46,392,928,233,1235,1566,500,765,14,26,77,1157,1343,509,1910,566,1466,1942,1031,1285,384,1900,1696,1046,1542,718,1338,1035,585,834,1961,27,298,335,657,1826,1445,573,1857,1298,460,1847,1437,715,1771,1523,1233,1855,1822,49,1869,325,562,1134,1325,825,874,611,1069,1753,1247,724,814,122,1829,1804,355,1686,79,687,1217,125,1614,398,1821,461,426,1190,845,124,1866,1004,1887,861,1335,1164,1560,594,448,682,206,822,1318,1401,1042,1464,1930,651,891,1538,974,597,1248,245,1697,764,317,421,468,1022,1529,1362,736,998,1948,1873,610,38,1130,472,1147,1348,1422,539,973,1867,1944,382,942,1755,858,1183,564,83,875,339,1914,1353,1920,1302,236,969,659,1784,1858,361,750,832,1975,675,1559,1774,1851,1288,555,493,824,1281,1317,1342,1935,728,776,167,1497,1104,1679,154,947,1922,452,1581,393,713,827,1008,1502,1853,1915,737,112,1135,1536,435,62,423,1544,1707,904,1101,1339,681,1611,1169,758,1506,1608,1693,440,863,1788,946,491,625,297,1322,811,1870,1692,652,1496,182,1876,1800,903,1138,504,47,1158,256,1601,792,281,1965,1434,394,717,153,786,1227,371,1810,1952,441,501,1911,619,1059,310,1171,1688,779,1641,1820,706,379,607,967,799,271,1555,359,1988,58,1565,1806,60,1938,1835,908,1436,170,511,1194,1849,98,214,678,1148,1310,422,231,726,1508,1220,1107,1449,794,1451,91,802,1396,497,567,1154,1207,1552,1667,442,449,1001,1089,987,763,1180,1271,1779,1827,87,175,507,1652,457,622,1617,1734,161,341,414,1503,1428,1896,1097,1543,552,1642,1894,1087,367,1232,1141,1334,1684,1984,1149,1490,870,1085,901,262,1024,248,1355,1274,1366,1816,1204,1167,1395,1612,220,1812,292,375,680,315,1776,1390,1687,269,1228,1651,1267,1782,243,407,592,1563,1173,1127,515,1483,1723,995,1359,303,1337,569,1054,1112,1587,1354,1055,857,1699,1010,877,1528,411,1222,977,1854,1880,1350,1992,817,1254,668,1050,1516,950,1874,1931,474,1604,267,558,475,494,1802,731,1131,1313,43,516,1121,1202,1903,250,1047,1406,234,1968,150,1649,1850,1418,840,12,982,1522,15,289,34,604,543,1673,225,673,989,914,85,658,869,1798,627,1374,1344,702,1603,518,782,455,1386,1749,66,1885,727,930,272,1509,410,1736,482,1002,1052,265,517,276,538,189,1626,1259,1657,1934,1116,1908,1553,849
debajo	4	1851,377,1486,264
debe	16	131,1231,682,397,1225,259,389,549,629,733,1259,138,637,1396,1294,23
debemos	3	1628,1924,1824
deben	3	1584,536,545
deber	7	995,1099,1582,256,142,771
debería	4	474,1812,989,1043
deberíamos	3	318,1043,242
debes	3	1689,1562,1830
debida	1	312
debido	3	1947,1335,1626
debilidad	3	1125,1940,1159
debilita	1	1940
debilitaron	1	360
debilitarse	1	1452
debilitáronse	1	1804
debo	3	292,1791,1656
debray	1	1257
debía	7	125,908,1647,1994,839,161,950
decapitad	1	1821
decapitado	1	358
decente	1	1392
deciden	1	1652
decidido	1	404
decidió	2	1956,728
decidme	1	1051
decidí	1	698
decir	16	1361,1542,1015,863,655,77,1448,936,1656,1657,946,777,372,1552,1664,1151
decirle	1	1630
decirles	1	201
decirlo	2	205,238
decirme	3	1711,1703,1791
decirse	2	1812,578
decisión	1	1031
declaración	1	1007
decorar	1	1736
decía	5	1665,1536,744,33,1304
decían	1	818
decírtelo	1	1844
dedican	1	369
dedicasen	1	398
dedo	1	806
dedos	8	446,1277,1194,93,1349,802,1033
defarge	2	43,1729
defectos	1	1069
defenderlo	1	1685
defenderme	1	657
defendiéndose	1	1298
defiende	1	1469
defienden	1	1540
definición	1	1577
definitiva	1	888
definitivo	1	492
defrauda	1	2000
defuror	1	1112
degradada	1	320
deja	5	165,1067,1951,265,994
dejaba	3	1357,264,1473
dejad	1	612
dejadle	1	1821
dejado	4	586,877,1371,1587
dejamos	1	264
dejan	4	1599,680,77
dejando	2	11,521
dejar	6	1423,1922,155,574,1913,928
dejara	1	1195
dejarlo	1	1685
dejaron	1	1908
dejarse	1	1504
dejarte	1	1359
dejará	1	846
dejaré	1	608
dejas	1	1642
deje	1	95
dejes	1	1793
dejé	2	924,1148
dejó	4	79,1104,1233
del	185	847,195,560,1527,689,550,305,404,1413,1442,1100,1705,431,918,312,1569,548,645,1200,40,14,607,1157,1555,60,1046,1230,1550,1616,1148,1770,1832,1393,84,102,1437,756,1591,1855,1552,127,1907,260,1701,1521,325,1325,1777,770,1610,638,1794,771,996,1896,1247,975,582,104,438,961,1208,865,1404,1085,1151,159,932,1204,1153,1332,1594,1866,795,1182,1197,1776,1486,1737,1782,1419,155,29,1738,974,61,1697,317,212,421,1969,1639,1432,1951,1873,1534,1465,1130,886,1422,1801,171,1185,349,1254,1050,165,1353,123,1302,402,675,1118,1131,555,250,553,1047,1371,1791,1926,1456,1443,142,665,707,713,1263,917,1502,1524,1593,1397,289,905,807,914,796,1101,1603,1356,712,314,455,66,752,482,266,1052,433,811,36,963,1259,652,903,173,849,1188,151,147,881
delante	7	197,771,36,1493,112,770,453
deleite	1	1557
deleites	1	1020
delgados	1	295
delicadamente	1	205
delicadas	1	45
delicias	1	1254
deliciosa	2	775,1735
delicioso	1	528
delirio	3	1254,1716,1561
demasiadas	1	942
demasiado	11	459,212,1606,1129,1261,1155,935,353,1058,565,377
demonio	2	1135,1559
demonios	1	1559
demos	1	1309
demás	28	1881,1443,249,688,1362,998,562,695,138,529,1711,350,1211,712,837,143,625,1237,1706,1021,494,1721,1377,1732,1866,516,1004,493
densa	1	750
denso	1	1759
dentro	12	388,1865,1302,1944,181,323,1849,1895,1559,1079,1725,764
denunciará	1	935
depara	1	483
depende	4	1528,715,515,1779
dependencia	1	1307
depositamos	1	1610
depravación	1	1199
depresión	1	296
derecho	2	129,1979
derechos	2	25,676
deriva	1	1188
derramamos	1	128
derretía	1	424
derrota	5	1459,1073,385,1957,1694
derrotó	1	630
des	2	1065,897
desafía	1	1720
desagradaba	1	1148
desagradable	5	1995,1651,690,997,1346
desaires	1	1054
desaliento	1	1612
desamparo	1	416
desangrado	1	1391
desaparecen	1	595
desaparecer	1	155
desaparecieron	1	1508
desapareció	3	1255,1019,196
desaparecía	1	467
desapegada	1	1297
desarrollo	1	1151
desasosiego	2	65,651
desatenta	1	81
desayuno	1	1639
descansan	1	645
descarnados	1	1194
descarriada	1	671
descendente	1	1159
descender	1	1169
descendientes	1	1956
descolorido	1	802
descomposición	1	1185
descomunales	1	446
desconcierto	1	93
desconfianza	1	1541
desconocido	3	718,107,339
desconocidos	1	430
desconsoladora	1	925
desconsuelo	2	963,1623
descuartizado	1	358
descuartizarlo	1	831
descubriendo	1	1738
descubrimiento	2	259,384
descubrimos	1	180
descubro	1	1282
descuidada	1	1590
descuidado	1	504
descuidemos	1	995
descuido	1	1711
desde	20	728,936,1895,1053,229,15,1645,1325,1715,1222,605,1087,466,509,559,549,1355,721,352
desdenes	1	1568
desdicha	4	1863,922,878,21
desdichado	3	1699,922,276
desdén	1	584
desea	5	1570,179,1727,1081
deseaba	1	324
deseada	1	1653
deseado	1	253
desear	1	1614
desearon	1	1033
deseas	1	546
desechad	1	1351
desee	1	439
desencadenaba	1	330
desenfrenaba	1	1283
desengaños	1	457
desenterró	1	1306
deseo	21	1852,1855,1502,660,403,882,1089,737,1597,1952,923,1727,490,1962,1674,811,1712,1000,1980,1371
deseos	2	435,1085
desesperaciones	1	1456
desesperación	9	468,1827,731,1891,1561,239,413,1697,1603
desesperado	2	1720,471
desesperados	1	1925
desesperanzado	1	846
desesperarla	1	683
desespero	1	1241
desfallece	1	1686
desfallecer	1	331
desfigurado	1	938
desfile	1	1509
desgracia	18	1924,1710,987,129,440,797,1162,1118,1347,266,1903,1165,911,245,339,1272,1783
desgraciadamente	1	1659
desgraciado	4	875,1208,1310
desgraciados	1	1148
desgracias	1	249
deshabitado	1	1846
deshace	1	1782
deshacen	1	1819
deshacerse	1	825
deshaciéndonos	1	789
deshecho	1	1883
deshizo	1	1833
desierto	1	642
desilusión	2	54,887
desinteresadamente	1	1702
desleal	1	1520
deslizó	1	244
deslumbramiento	1	1273
desmantelaron	1	1875
desmayado	1	1020
desmayo	1	371
desmayó	1	1849
desmesuradamente	1	1750
desnuda	2	260,414
desnudarse	2	1590,361
desnudo	3	260,772,1085
desnudos	1	1024
desolado	4	1143,1369,1874,1903
desollado	1	1029
desollador	1	240
desorbitados	1	685
despacho	2	99,1075
despaciosa	1	510
desparejo	1	975
despedazada	1	1506
despedazarle	1	1033
despedazarlo	1	1925
despedido	1	1130
despertaba	1	584
despertado	1	1393
despertando	1	692
despertar	1	1266
despertarme	1	1903
desperté	1	321
despiadada	1	1592
despiadado	1	235
despidas	1	1086
despierta	2	1836,1912
despiertan	1	502
despierten	1	782
despierto	2	517,952
despiertos	1	1794
desplomó	2	669,1385
despoblado	1	354
desprecia	2	1348,287
despreciaba	2	647,1110
despreciable	1	1796
despreciables	1	1828
despreciadas	1	1584
desprecio	7	1809,682,915,545,1167,94,918
desprenderme	1	1791
desprendió	1	1833
después	23	1638,463,1162,1048,759,540,1359,1639,1324,1939,336,930,1149,1490,247,474,1599,1279,36,1046,295,27,1903
destacando	1	344
destinada	1	1083
destinados	1	1858
destino	6	1155,1856,1730,1956,945,1041
destroza	1	983
destrozado	1	1472
destrozados	1	215
destrozar	1	1422
destrucción	2	73,1470
destructivo	1	1560
destruir	3	1083,923,1159
destruye	1	1122
destruyen	1	1531
desvanecido	1	869
desvaneció	1	1354
desventura	1	1305
desventurado	1	266
detalles	1	1868
detendría	1	1732
deteniéndonos	1	768
detesta	1	928
detestable	3	307,1867,1199
detestados	1	25
detestar	1	1504
detestaré	1	442
detesto	5	102,270,30,1667,1685
detrás	7	437,317,718,325,1468,1202,1177
detuvieron	1	685
detuvo	2	1306,850
devolver	1	928
devolvió	1	1896
devora	1	217
devorado	1	1342
devorando	1	847
devorarme	1	1024
devuelve	2	1475,250
di	5	740,1080,924,78,1655
diablo	2	1683,61
diablos	1	1805
diagnóstico	1	1462
diario	1	1025
dibujando	2	1349,1357
dibujándola	1	806
dice	9	236,1291,1556,1402,1540,544,1124,1492,976
dicen	7	1739,1949,1197,763,1293,1636,1202
dicha	7	1518,11,768,1144,1819,1904,495
dicho	4	26,581,1958,1439
dichosa	1	1417
dichoso	5	699,848,664,1586,1212
diciendo	2	1820,206
dicta	1	1155
dientes	7	1769,1431,1544,1487,896,1925,621
diera	1	521
dieron	3	43,71,1959
dieta	1	1397
diez	1	1427
diferencia	4	1750,1648,392,1187
diferentes	1	1727
dificultad	1	1171
dificultades	1	412
difunto	2	305,1609
difusa	1	1835
difícil	8	1326,1773,1755,1515,1539,336,147,1415
difíciles	2	845,125
diga	1	205
digamos	2	778,1775
dignidad	1	918
digno	1	799
dignos	1	1924
digo	3	1810,1308,997
digáis	1	480
dije	9	232,260,1885,1712,1368,1872,730,124,812
dijera	1	1111
dijeron	2	255,1562
dijimos	1	1093
dijiste	1	695
dijo	42	594,292,921,285,219,1299,984,1112,1511,118,935,1734,1010,530,1147,344,1643,1201,1662,1391,1788,946,1123,58,911,373,1424,1333,357,846,608,1616,1784,513,897,1118,1332,1160,849,333
dile	1	724
diles	1	201
dime	1	183
diminutos	1	1970
dinero	8	115,104,1280,647,61,1635,1047,676
dio	11	779,1803,1479,647,168,1711,1767,169,340,1168
dios	26	1812,1937,646,1676,1756,1901,655,510,964,455,645,1163,1178,1535,865,342,439,1624,876,1769,446,1304
dioses	1	915
dirección	2	1907,1332
dirigido	1	245
dirigiendo	1	620
dirigiéndole	1	1662
dirigiéndose	1	1594
dirigió	2	55,1233
dirigía	1	555
dirán	1	429
diré	2	954,508
diréis	1	1059
diría	3	1060,1760,1675
discreción	1	244
discretamente	1	1546
disculparse	1	1016
discusiones	1	1965
discutir	1	1336
discutían	1	949
disensiones	1	1267
disfraza	1	1607
disfrutado	1	585
disfrutar	2	1570,1620
disimula	2	222,1090
disimulaba	1	96
disimular	1	303
disminuir	1	138
disminuye	2	1003,111
disparates	1	1664
dispondría	1	1925
disponga	1	1756
dispuesta	2	594,1818
dispuestas	1	1680
dispuesto	1	977
dispuestos	2	184,956
disputa	1	203
distancia	1	899
diste	1	1025
distinguir	3	99,899,1975
distinguirlos	1	799
distintos	1	1945
distraerlo	1	728
diversión	1	242
divertida	1	761
divertidas	1	543
divertían	1	1054
divide	1	1420
divina	1	696
divisiones	1	1378
dixmer	4	223,1342,1120,935
do	2	191,1941
doblemente	1	1588
doce	3	1325,154
docenas	1	1771
doctor	7	1337,368,322,1702,1397
documento	1	1422
dolencia	1	1696
doler	1	1489
dolientes	1	162
dolió	1	228
dolor	31	1564,1935,1598,1489,1315,1399,495,1563,447,1413,232,1191,87,1888,431,312,38,1386,1426,532,535,273,1490,483,1353,475,248,1119,1204,1883
dolores	3	902,398,222
dolorido	1	1222
dolorosa	4	1030,1354,698,1117
doloroso	3	1022,825,1371
domicilio	1	1784
domina	2	1714,1488
dominado	3	294,402,1705
dominan	1	1242
dominarla	1	8
domingo	1	1729
domingos	1	734
dominio	1	1714
dominios	1	1737
don	2	1623,1418
doncella	2	1254,1436
doncellas	2	1392,306
donde	27	680,1184,1390,1584,1928,1613,802,1585,264,1402,441,1179,1060,645,1877,1208,1755,73,864,1302,370,661,45,453,1047,1541
dondequiera	3	687,64,1156
dormid	1	205
dormidos	1	782
dormir	8	814,1473,1597,952,1675,1988,1056,4
dormitorio	1	264
dormía	2	619,321
dos	43	1182,1197,157,430,689,759,684,492,1367,1360,56,737,763,456,347,1824,1707,109,648,1727,427,1171,1319,1221,706,1236,1329,625,868,1672,306,1251,343,1671,954,1826,1131,949,231
dotado	1	817
doy	5	1815,1679,1707,418,411
doña	2	982,1589
drama	1	1947
duda	7	1342,1923,959,1642,607,209,1465
dudaba	1	323
dudas	2	1219,209
dudo	1	25
duele	5	1489,1029,62,1402
duelo	2	1153,1571
duerme	2	1912,1047
dueña	1	1448
dulce	5	1795,654,598,791,148
dulces	3	1584,1857,994
dulzura	1	894
duplica	1	1420
dura	8	1530,204,957,1949,392,994
duración	2	1528
duraderos	1	1716
duran	1	639
durante	15	348,1007,1207,16,91,834,1967,162,877,17,1798,1124,1593,1477,1896
durar	3	400,539,1456
dure	2	1949,727
duren	1	653
duro	3	1220,1399,1322
duros	3	512,1617,1945
duró	2	1976,1233
dándome	1	784
dárselo	1	834
débil	6	1271,846,164,1125,586,312
débiles	1	52
déjate	1	1894
día	45	1278,1562,1627,728,91,235,1228,154,1053,1106,1284,933,1667,15,1907,260,1111,1055,1475,1485,793,611,1744,1899,197,1978,898,1885,113,1804,355,410,342,948,266,965,1183,1025,1361,1116,480,246,1851,1553,231
días	16	1580,1673,717,1441,66,347,16,655,1351,1858,858,1052,686,1931,1222,1688
dímelo	1	1062
dónde	5	1612,1619,23,760
e	10	814,1253,248,1810,430,914,1705,482,686,1367
ebrio	4	705,1440,1016
echaba	1	1874
echado	2	1711,45
echando	1	1544
echar	1	1592
echarme	1	1086
echarte	1	1295
echó	8	99,1287,1208,1590,622,1728,1883,1589
ecuación	1	419
edad	2	207,559
edmundo	1	849
educadamente	1	918
efectivamente	1	863
efecto	5	1824,30,836,1505,1465
efectos	2	758,1716
eficaces	1	188
eficaz	2	1014,1770
eficientes	1	202
efímera	1	430
egoísmo	1	599
egoísmos	1	1671
egoísta	1	542
ejecución	1	1183
ejecuto	1	1051
ejemplar	1	1503
ejercicio	1	713
ejercían	1	1795
ejércitos	1	1769
el	1027	86,259,1476,195,237,1040,1584,1284,1056,1006,1323,872,1824,1645,204,748,749,1956,1034,844,358,1470,1201,316,1463,40,1218,1998,345,202,191,306,483,1607,254,1764,1865,1283,467,806,1770,1832,94,480,1256,1541,405,1889,1700,1759,1852,756,1676,945,618,244,412,1959,260,368,419,751,302,1026,1888,893,599,1122,1473,551,1236,48,469,1672,346,313,524,1570,959,159,1088,1864,1594,1215,1577,617,25,931,514,322,1738,1294,912,1306,1469,1623,704,1394,1030,743,1639,909,1,1136,907,621,1792,1670,1630,1655,1094,990,1471,417,1712,1118,586,1400,1893,939,1213,1304,941,1340,787,958,78,495,1840,337,1754,105,905,1397,1743,882,196,1762,140,1582,1729,52,796,1767,929,951,1387,1731,1685,628,314,712,1518,2,1119,846,900,1742,203,1349,729,1842,331,173,147,1638,701,819,847,1489,1258,560,93,1144,1772,416,1383,1526,219,56,1472,96,1100,1659,1511,279,754,1631,997,1955,1488,633,312,1960,1744,1211,1936,645,848,187,830,473,211,1795,1114,1716,301,1515,1775,496,1830,1539,1095,575,1462,616,1074,647,1372,224,1954,540,1117,978,1444,1143,1018,179,1701,1155,1081,1990,774,1252,923,1777,579,781,638,771,537,11,1176,304,485,1246,104,1208,30,747,896,1578,1668,1016,755,1297,601,111,1205,291,35,399,1153,13,172,135,1929,430,1895,176,107,584,660,902,200,1398,456,1597,593,138,24,164,934,1534,1465,1708,133,1292,1871,895,1384,1923,532,837,1209,1307,1185,1646,1573,868,1177,1671,1912,1991,1525,1728,979,1883,1062,1357,208,1791,1574,1760,1053,1365,1524,1263,1140,917,1175,766,1859,1376,1485,1664,1949,89,261,451,4,197,320,699,284,862,570,188,1455,1704,876,1125,221,68,321,1370,1241,661,205,1336,1188,1412,333,1833,1926,602,881,1234,55,550,1346,759,1120,1064,1442,696,390,1435,1860,1402,1179,1330,392,928,1235,1899,99,500,14,1910,983,1343,630,1031,28,384,486,1530,1046,1542,718,1696,1338,1961,585,409,335,1826,23,1857,460,37,1003,275,1161,1437,988,1523,1233,1855,290,127,1976,1958,700,1869,325,1475,2000,1836,611,1086,1247,814,768,1714,1663,76,122,1084,1133,1203,1804,355,73,1941,348,1217,1618,1846,1090,845,1332,406,1004,861,8,795,1318,682,206,822,1793,1629,1042,1464,1315,1261,677,155,29,1538,1730,61,612,1512,245,1697,1987,764,1022,1969,488,1951,1358,38,1147,1168,1422,973,626,382,1674,853,948,1146,1183,564,83,1505,875,339,1583,1717,838,165,956,1353,1302,236,1099,1981,714,1784,1858,750,1238,588,675,836,1491,555,553,1778,1935,1281,136,728,157,432,1104,154,1581,1484,827,1502,360,144,737,112,1135,1277,1650,671,690,839,1101,1611,758,1813,1506,1608,605,1430,440,535,863,1713,168,1322,343,811,753,1796,278,1498,1870,1692,1496,182,1800,903,1011,1138,504,1278,1158,1928,1106,256,1579,1940,1601,792,684,810,1434,786,381,1132,1810,371,1898,598,441,431,501,1911,310,1963,1171,6,1688,1641,1820,273,607,271,359,58,51,1806,1808,1835,908,170,363,511,1550,1616,1933,678,1393,422,231,949,641,1508,1107,1627,794,1451,91,802,1396,567,1207,1552,1667,670,1861,1089,1271,1827,161,996,975,1478,643,1999,462,1334,1984,1490,258,870,1085,901,528,1997,248,1816,1274,1204,1167,450,39,890,1028,375,1547,968,769,592,1563,515,1723,725,995,1360,1337,1699,118,944,685,1110,213,1733,477,369,522,1060,977,1426,871,16,1880,1992,349,817,1874,950,1602,1931,1980,267,458,475,119,402,17,697,1131,1313,1047,1406,1649,1418,1745,240,15,192,34,545,989,241,914,85,490,1798,627,992,1919,163,727,101,272,930,1509,1885,1123,1736,482,1002,265,563,1021,538,913,723,424,1098,1259,554,513,1908,1553,849,606
elección	1	838
elefantes	1	783
elegido	1	1438
elegidos	1	655
elegir	4	363,1063,1951
elena	2	1419,1367
eleva	1	312
elevada	1	1426
elevado	1	1151
elevados	1	676
elevaremos	1	1596
elevarse	1	625
eligen	2	363,1260
ella	89	1433,1971,1439,1579,239,1453,684,80,1064,935,808,1956,46,928,1739,58,1363,1806,363,834,415,794,1596,1785,169,340,842,87,1108,1734,790,505,1203,1232,1404,1347,1149,1024,1355,1816,1190,1212,1504,1548,1687,269,1368,1738,356,74,857,1110,934,217,1422,871,31,1082,800,1862,474,910,1373,1622,962,1293,516,1635,1791,1760,199,229,289,595,673,294,1731,261,811,481,1545
ellas	2	1652,1506
ello	6	1337,1071,1789,1474,1775,274
ellos	14	1409,680,1107,1959,1200,1525,998,175,1998,427,759,1947,1862,584
elocuente	1	1168
elocuentes	1	188
elogios	1	1916
elvira	1	743
embalsama	1	678
embargo	15	1861,1001,737,1444,1990,1858,501,1364,663,1044,1341,610,1947,453,656
embriaga	1	950
embriagarse	1	950
embriaguez	2	1521
embusteros	1	476
emitir	1	1566
emociones	2	810,1236
emoción	5	490,107,684,800,1899
empecé	2	1359,1746
empedernido	1	844
empezamos	1	1764
empezando	1	1897
empezó	3	1738,82,23
empeñan	1	187
empeñándose	1	784
empieza	4	547,1736,1518,1495
empiezas	1	1848
emplea	1	1709
empleaba	1	1008
empleado	1	918
emplearé	1	480
emplee	1	480
en	633	237,760,1757,1056,692,888,139,1006,1323,738,389,1824,299,1645,748,808,1675,1034,844,1470,1201,1221,40,1998,345,483,67,1607,772,100,629,1554,1770,480,1441,1541,1184,1628,1759,1020,618,193,260,751,1888,893,1891,1610,1122,551,1236,1404,1329,1672,1570,1594,1092,1790,25,789,1469,704,334,338,1216,909,510,427,1725,63,1319,639,1513,1457,1094,1423,181,784,990,1656,1712,417,1245,586,1304,941,1576,229,938,1947,1295,1249,905,894,196,1425,1582,264,695,796,1731,1038,1029,1518,829,1262,1290,1742,1842,331,173,1746,147,1196,701,1489,1399,1105,1282,1367,1100,1711,997,1955,156,1637,1211,645,1431,1264,187,380,22,247,676,257,301,804,102,1170,1074,1591,1372,1756,1093,492,1018,1701,309,1777,530,579,1014,1273,771,1305,1953,304,577,1246,1208,30,1076,1590,1668,209,1409,446,742,399,557,1598,13,430,1690,1440,1419,609,176,1677,584,456,1597,593,293,138,1534,1465,1871,1923,837,1573,868,1622,1912,1137,1525,1841,1728,1371,1556,1524,917,502,1392,1680,1983,1044,1485,1096,624,284,570,188,439,1125,221,970,1740,1279,559,661,1721,534,333,1412,1567,1234,1833,1926,1452,1527,239,759,403,1064,767,1705,850,1235,1899,99,943,1343,509,1031,28,718,1338,1035,585,834,657,1161,275,1822,127,1976,1328,1907,49,562,1475,790,122,1084,1941,348,398,1882,1846,426,1190,1212,1332,406,110,1004,8,1164,795,206,1401,1629,1464,210,155,29,1454,764,317,421,82,468,1529,1951,1873,1272,1147,472,1168,1422,853,1505,875,227,339,1075,1353,1302,236,1981,1784,836,1288,1308,555,1281,776,1497,1104,452,1581,713,1853,144,737,112,1544,1707,109,904,1339,1458,1506,1608,186,863,946,491,168,625,343,1796,278,963,1605,1737,326,1158,256,1601,1551,792,684,810,717,786,1111,590,1710,1059,1171,1641,1789,379,271,1555,1510,1565,1806,1808,721,1849,1616,1148,1393,231,641,1220,1449,1508,794,802,1396,1207,1667,670,1861,87,175,622,161,414,1503,1097,1978,975,420,1662,1163,955,722,572,1391,1087,1642,1999,462,1984,1490,262,1024,248,1355,1816,1204,890,730,1612,220,375,391,1687,1651,769,1563,515,356,926,1359,569,1587,1699,1354,118,1110,1733,114,993,1892,871,16,1880,349,1254,1874,950,1602,910,558,1239,17,1131,1903,1121,150,1850,840,1586,1901,1467,15,192,1375,595,225,914,85,757,869,627,547,1481,1634,1603,1287,455,1749,1535,930,272,482,1002,1052,276,719,1626,1259,1116,954,481,1553,849,1193
enamorada	3	1257,81,1436
enamorado	9	1373,448,1659,1784,1837,702,231,1043,1750
enamorados	1	1297
enamoran	1	664
enamorara	1	18
enamorarme	1	958
enamoraron	1	1966
enamorarse	5	18,1816,74,720,1101
enamorase	1	736
enamoren	1	1433
enamores	1	1402
enamoró	1	306
encadena	1	1122
encadenado	1	294
encanta	2	489,57
encantaba	1	8
encantado	1	1922
encantadora	2	896,1452
encanto	1	190
encantos	1	296
encaramándose	1	1590
encarnados	1	594
encarnizadas	1	1581
encarnizamiento	1	1090
encendí	1	692
encerrarse	2	1890,1075
encierra	1	1180
encima	3	1728,314,645
encina	1	446
encolerizado	1	1860
encontraba	1	264
encontraban	1	1775
encontrado	7	1323,207,820,1485,268,928
encontramos	2	394,1939
encontrar	9	1740,1201,223,1451,1619,760,1372,1688
encontrarle	1	901
encontrarlo	1	890
encontrarnos	2	3,121
encontraron	1	1486
encontrarse	2	49,605
encontrarán	1	367
encontrarás	4	181,29,1930,1660
encontraré	1	793
encontraréis	1	1524
encontrábamos	1	1171
encontrándose	1	1448
encontré	4	1740,334,740,299
encontró	4	794,1286,150,834
encorvado	1	393
encuentra	5	51,1132,722,671
encuentran	1	472
encuentro	2	492,608
enderezarme	1	1035
endurecidos	1	1431
enemiga	1	280
enemigo	10	1073,620,1878,7,1770,1842,1917,1505,191,1996
enemigos	5	362,126,1687,1229,427
enemistad	1	759
enemistades	1	536
energía	2	412,341
energías	1	1638
enfadaban	1	543
enfadado	1	324
enfado	3	1479,1920,918
enferma	1	530
enfermedad	7	1030,389,877,923,1579,408
enfermedades	1	12
enfermo	5	1375,122,342,1811,1371
enfermos	2	1465,206
enfrenta	1	1720
enfrentar	1	1640
enfrente	2	1283,652
enfurecidos	1	1601
engaña	1	1211
engañaba	1	924
engañada	1	1816
engañado	1	988
engañar	1	745
engendra	2	1648,1159
engendrar	2	1891,1956
engolfaban	1	1861
engrandecería	1	1673
enloquecido	1	517
enmascarada	1	250
enmedio	1	652
enojada	2	739,23
enojado	4	203,503,1643,563
enojados	1	690
enojo	2	1338,1920
enorme	5	197,1091,1970,1609,1934
enraizar	1	1755
enredado	1	1728
enredó	1	1849
enrojecer	1	286
enrojeció	1	1147
enseñado	1	1677
enseñarse	1	397
ensombrecidos	1	1013
ensordecedor	1	804
enséñame	1	563
entablado	1	1060
entender	1	1418
entera	3	320,1218,1548
enteramente	4	849,740,515,1551
enteras	1	690
entereza	1	398
entero	1	200
enterrado	3	271,1923,593
enterramiento	1	337
enterrar	1	764
enteré	1	1474
entiende	3	1430,724,80
entiendo	2	1143,1825
entierro	2	1153,1509
entiérrenlos	1	645
entonces	37	1281,1989,609,169,1093,1438,244,1673,196,920,717,1875,1925,99,814,314,420,1749,485,733,484,1320,1814,106,1450,1655,676,343,1283,703,924,17,1545,352,1234
entraba	4	753,1284,206,1871
entrada	2	1451,1539
entrado	2	1820,1615
entrar	3	558,1518,1525
entrará	1	1624
entrañas	2	510,1134
entre	50	405,1197,326,1184,432,1416,689,1905,759,340,1120,1947,139,1063,763,454,636,989,1078,1227,1675,164,638,392,1091,1643,1431,1619,462,1672,1806,130,1862,1914,1920,446,780,718,962,1525,399,17,43,949,253,1750
entreabriera	1	1349
entrecejo	1	1233
entrechocaban	1	1393
entrega	1	1706
entregarse	1	1029
entregué	1	320
entregándoselo	1	1643
entrevistas	1	1121
entristece	2	1399,1511
entristecer	1	1225
entristecida	1	1512
entristecido	1	787
entro	2	1707,383
entré	1	99
entró	5	1302,914,622,1207,1147
entusiasmo	4	1878,206,284,6
enumera	1	1074
enumerar	1	1074
envejece	4	1154,573,488,242
envejecen	1	821
envejecer	2	1844,1494
envenena	1	37
envenenada	1	658
envenenar	1	1324
envenenándolo	1	1445
enviando	1	1393
envidia	6	1518,696,141,1134,1312,156
envidias	1	1184
envidioso	1	141
envilece	1	1435
envilecedor	1	1742
envilecida	1	940
envolvía	1	604
envolvíame	1	925
envuelto	1	938
episodio	1	527
epitafios	1	1831
equilibrada	1	308
equilibrado	1	771
equivale	1	1459
equivalente	1	366
equivoca	1	1090
equivoco	1	997
equívoca	1	586
era	79	1598,280,255,1850,1390,1150,1759,936,1440,1368,1676,393,945,1008,1207,1853,408,1117,1438,1673,1089,737,454,1100,371,264,507,1195,997,490,471,619,312,778,33,1235,1899,1996,1007,605,329,745,946,1082,566,564,816,1615,1973,1361,321,1604,1302,908,1186,959,1241,1609,731,1035,220,1148,1153,1192,1212,1842,1310,1121,1694,208,1304
eran	7	1710,295,1462,401,1044,785,124
eres	13	664,1319,1314,1858,1300,72,929,1237,1830,614,336,1723
erigiría	1	863
erizo	1	18
erlynne	2	9,571
erotismo	1	838
error	1	1889
errores	1	362
es	534	195,1584,760,1303,389,1824,631,204,1540,749,1735,544,1957,1470,1982,345,1766,1632,772,708,1773,1832,94,1260,1441,377,1311,277,1184,1628,1700,756,812,1863,412,419,1026,1561,1379,1837,174,469,1237,1345,1761,313,1326,1088,1126,1577,1790,25,166,397,931,1066,1469,556,1159,1299,1030,338,1639,1388,907,1482,1666,667,1429,523,1094,1377,1058,586,1400,1893,222,126,1198,1848,495,526,1443,229,1743,527,52,951,1731,1387,1685,628,712,185,1029,1321,937,2,1206,900,1842,307,173,344,1772,1526,1244,1511,754,633,1744,1739,1211,1936,848,1264,952,380,22,791,1599,1000,415,1515,1830,788,1095,580,616,327,1372,933,1407,662,1701,1081,1521,774,21,579,781,1953,856,1176,577,1986,747,1347,1151,50,1205,732,1507,813,172,1929,430,1690,823,107,200,1499,1152,922,164,934,133,1057,1292,1421,895,1923,117,532,837,1825,1185,1573,1037,1671,1912,1991,1405,90,1137,1291,1448,979,1293,679,1760,1556,75,741,1752,142,251,1263,1140,1175,766,502,1924,1351,1859,1376,1949,89,1142,624,70,1071,284,296,862,1455,752,1879,876,283,221,433,1740,68,1370,549,1296,1681,735,1336,5,145,333,1567,744,602,1452,1971,1403,1012,1174,1064,390,392,964,1415,1918,500,1993,14,835,1285,486,1900,1530,1961,1921,84,1437,988,290,127,1328,218,1747,1134,825,874,1352,2000,505,1086,1247,198,733,76,122,1663,687,1217,1614,183,461,1618,1004,861,822,1930,1042,651,677,1730,61,1248,245,1987,1022,212,468,797,1362,160,1358,610,1867,973,178,626,948,1755,1146,1505,1583,875,1914,838,1099,1981,714,1784,361,1559,1851,1491,553,493,1778,1935,136,129,1456,372,827,1484,1915,1943,843,62,690,1611,681,758,1608,440,535,863,491,1498,1870,1692,182,903,533,1011,47,1439,1327,1940,180,927,153,381,1132,1223,590,598,431,54,1911,1688,1641,273,607,799,359,58,1835,170,363,1550,1616,1933,422,641,1023,1107,1627,497,567,1552,442,449,396,1827,457,1503,996,1606,1091,115,1232,1141,1984,184,258,870,1085,262,1366,608,1204,1494,1776,269,1651,968,769,1782,190,1768,1337,569,118,857,1733,353,1165,114,1060,121,113,571,1992,1516,1050,950,458,1239,475,1313,1763,250,1649,1269,1418,1745,1886,240,1427,34,207,595,1266,989,914,1411,992,702,782,1885,727,482,1052,1021,913,395,554,1980,880
esa	32	1935,1887,1158,1486,210,1346,1623,1947,1398,631,419,1325,294,893,1534,1731,420,110,1867,746,1455,30,1998,1578,1285,676,1167,1118,657,586,679,1311
esas	7	604,1176,1848,22,1612,45,1235
escaleras	1	1147
escalofrío	2	873,1884
escalofríos	1	1811
escalones	1	1104
escandaloso	1	33
escapado	1	407
escapar	3	624,60,1204
escape	2	909,1630
escarbó	1	794
escasos	2	98
escena	2	298,1240
escenario	1	555
esclavitud	1	185
esclavo	1	1471
escolar	1	1411
escollos	1	545
escolta	1	1820
escondiendo	1	432
escriben	1	60
escribir	2	825,1862
escribo	3	1064,1087,1189
escrita	1	1850
escrito	2	1504,1505
escritor	2	397,681
escucha	5	738,608,1860,1256,1736
escuchaba	1	1544
escuchar	1	466
escuche	2	690,1920
escuchó	5	314,830,1989,1800,1551
escudos	1	1419
escupe	1	557
escupirles	1	926
escupiría	1	214
ese	44	941,1562,1401,1586,801,1593,492,1102,1947,289,152,1225,743,1064,914,288,501,95,156,793,1169,238,915,1643,117,1505,911,1113,1599,1821,1616,1784,804,182,228,246,1065,1864,406,1933,1371
esencia	1	251
esencial	1	782
esferas	1	1290
esforzaba	2	1861,1385
esforzaré	1	1874
esfuerzo	3	1318,1261,1804
esfuerzos	3	1724,150,1113
eso	29	256,78,372,447,1768,1890,1252,877,1503,1465,1708,344,1043,411,1918,1799,727,644,854,1615,1542,201,1657,1447,1851,1131,1830,880,1335
esos	4	1248,351,1867,147
espacio	3	165,405,1302
espada	1	1062
espadas	1	1350
espalda	3	418,1149,1010
espantado	2	851,1565
espanto	16	901,146,1240,456,1554,1393,1571,1109,1777,1813,830,1905,84,312,1481,1896
espantosa	5	558,1850,309,1730,1056
espantosamente	1	1853
espantosas	1	1044
espantoso	9	1882,1810,1185,566,1396,1730,1207,1633,208
esparta	1	1419
espasmo	2	1185,1554
españa	1	1230
español	1	704
españoles	2	37,704
especializo	1	100
especialmente	1	585
especie	9	1281,97,468,1622,1590,393,668,312,352
espectador	1	32
espectadores	2	1183,1601
espectro	1	1396
espectáculo	5	317,1225,1423,237,1102
especulación	2	948
espejo	1	89
espeluznante	1	938
espera	8	824,848,1613,482,544,1874,333,352
esperaba	3	1740,1137,1738
esperaban	3	306,11,717
esperabas	1	1613
esperan	2	1475,1087
esperanza	11	317,1217,560,241,1571,1736,770,404,336,2
esperanzas	1	104
esperar	3	353,1183,1939
esperarle	1	333
esperaré	1	1427
esperase	2	1840,1903
espero	4	1840,1777,1475,15
esperándoles	1	177
espeso	1	1534
espinas	2	1425,1540
espinos	1	680
espiral	1	1159
espiritual	2	171,1867
esplendor	2	1806,1110
espontáneo	1	335
esposa	7	244,179,210,1766,306,1635,177
esposas	1	274
espuma	1	199
espumosa	1	421
espíritu	5	405,170,195,635,1502
espíritus	1	1107
esqueleto	1	393
esquina	1	1346
esta	29	292,55,1598,1628,982,792,334,1729,1653,770,1733,341,1828,928,121,26,1039,1984,297,601,524,908,9,585,480,45,534,151
estaba	66	1298,1476,255,1711,116,1364,1365,1523,268,917,1006,1958,1375,334,196,1054,1317,1055,264,309,690,501,877,1339,490,341,471,627,1610,1705,1708,1753,1506,576,1899,1978,316,955,552,1704,143,1031,473,1655,1938,1941,446,1775,9,1934,832,1190,246,298,1357,1661,1872,1245,761,1887,1514,1234
estaban	11	263,125,11,548,1283,1409,1258,435,1061,509,1595
estación	1	1999
estado	7	1900,182,690,529,1705,1563,716
estalla	1	1271
estallaron	1	566
estalló	1	946
estamos	9	438,765,98,1848,109,1984,1145,531
estancada	1	1777
estancia	2	718,1367
estando	2	184,1745
estanque	1	511
estaqueado	1	1951
estar	28	375,1562,760,318,526,156,1043,387,1603,1379,1139,605,1944,1243,113,40,952,174,632,1988,734,1119,554,1858,1567,1750
estará	4	1687,537,848,755
estarás	1	1620
estas	5	1442,1810,503,1563,1947
estatuas	2	1598,1367
este	46	1342,1598,1242,776,1399,936,1651,1020,1676,789,933,1105,792,268,1469,1906,317,144,1135,562,923,530,1485,427,771,1693,645,1662,500,950,384,1835,1290,908,1291,608,1116,480,1689,516,880,333,1406
estemos	2	1858,1654
estilo	1	958
estiércol	1	61
esto	18	1743,320,82,768,728,1064,1885,1849,14,1399,1676,72,1438,850,1004,1285,971,602
estos	9	502,1045,1242,485,1804,401,1561,1441,1130
estoy	18	594,448,1695,1995,368,891,1784,1656,739,1613,1485,730,1568,1314,191,1818,764
estragos	1	454
estrangular	1	845
estrangularla	1	1121
estrangularlo	1	1925
estrangularme	1	1078
estrechas	1	301
estrecho	1	1924
estrechó	3	1120,17,326
estrellas	3	224,770,1503
estremecen	1	1777
estremecer	1	1813
estremecimiento	4	319,1123,1978,1316
estremecimientos	2	1185,604
estremeció	1	1884
estremecía	1	196
estrepitosamente	1	1969
estropean	1	653
estrujaba	1	1823
estrujando	1	1085
estruje	1	805
estudiaba	1	619
estupefacción	1	208
estupor	1	44
estuve	1	869
estuviera	2	1349,402
estuvieras	1	1421
estuvieron	1	648
estuviese	1	954
estuvieses	1	1037
estuvimos	1	540
estuvo	7	16,1192,322,1153,168,342,1958
está	52	1504,600,847,237,1679,275,1720,1636,1593,1743,394,1064,1824,112,636,216,294,1725,472,702,1235,977,1356,537,186,1246,272,31,355,462,1646,1755,349,734,976,1607,1761,487,1457,354,1626,257,1742,1312,683,1215,496,1445,344,23
estábamos	2	1897,1297
están	13	1865,680,1197,763,1229,1680,423,1010,783,145,253,1483
estás	8	1115,700,1319,829,513,1734,58,867
estática	1	366
esté	3	841,1955,1602
estés	1	145
estómago	1	1158
estúpida	1	1616
estúpidas	1	1848
estúpido	1	1696
esó	1	170
etc	1	1926
eterna	5	170,195,1090,530,633
eternamente	3	1215,1596,1116
eternidad	3	1097,1002,1122
eterno	5	68,204,677,1591,1855
evaluarse	1	381
evidente	3	549,1058,218
evitado	1	917
evitar	1	545
exactamente	1	1848
exagerada	1	118
exagerar	1	1750
exagerásemos	1	1741
exaltada	1	1007
exaltado	1	87
exasperado	1	923
excentricidades	1	893
excepcional	1	1906
excepción	1	674
excepto	2	836,1073
exceso	3	34,403,1016
excitación	2	558,1364
excitante	1	391
excitantes	1	414
excitar	1	1826
exclamación	2	447,150
exclamé	2	1285,1565
exclamó	7	1070,1163,620,542,1484,1387,996
excomulgado	1	239
excéntrico	1	736
exhaló	1	453
exige	2	518,1619
exilio	1	574
exista	2	1602,964
existe	8	400,651,1819,967,1052,713,670
existen	4	1196,1529,1236,1920
existencia	5	1850,527,649,1293,1911
existimos	1	1370
existir	4	1370,1309,221,1510
expansiva	1	1341
expansivas	1	380
experiencia	2	457,1591
experimenta	1	1376
experimentaba	3	775,684,745
experimentada	1	1117
experimentado	2	1027,1974
experimentamos	1	1801
experimentar	2	1262,1396
experimentó	1	1324
experta	1	1020
expiación	1	1571
explica	2	1739,1293
explicación	1	1230
explicar	2	759,1773
explicarle	1	324
explicarnos	1	801
explicarse	1	1563
explicó	1	57
expliqué	1	471
explorándola	1	1875
exploró	1	150
explosiva	1	1072
expresa	1	1607
expresaba	1	447
expresaban	1	1354
expresar	1	349
expresarme	1	1001
expresivos	1	295
expresión	7	303,379,1873,1983,997,341
expresó	2	223,990
expuestos	1	783
expulsa	1	1697
expulsar	1	1697
extasiamos	1	768
extendido	1	1194
extendía	1	325
exterior	2	1067,1895
exterminio	1	1350
externa	1	900
extinguen	1	209
extinguir	1	1515
extranjero	1	956
extranjeros	2	893,704
extraordinario	2	1112,1007
extraviado	2	795,1232
extravío	1	901
extravíos	1	1686
extraña	4	997,680,384,1332
extrañar	2	1379,1900
extraño	4	1886,319,410,1723
extremadamente	1	1836
extremo	5	814,1923,944,850,1357
facciones	1	1873
factor	1	1770
facultad	1	573
fallecimiento	1	846
falsa	1	1066
falso	1	240
falsos	1	240
falta	6	320,354,1838,799,1531,265
faltaran	1	1493
familia	3	11,1828,280
familiares	1	299
familiaridad	1	1845
familias	1	557
fango	1	1184
fantasma	1	1354
fantasmas	5	189,768,1890,1396,1798
fantasías	2	1671,595
fantástica	1	1089
fantásticos	2	774,1437
fanático	2	1057,482
faraón	1	1659
fardo	1	1610
faroles	1	604
fascina	1	535
fascinado	1	294
fastidio	1	372
fastidioso	1	1761
fatal	1	698
fatales	1	684
fatalmente	1	1986
fatiga	3	619,805,299
fatídicos	1	466
favor	3	1358,746,918
faz	1	250
fe	1	634
fea	2	313,21
felices	12	995,66,92,440,655,175,378,1652,818,184,177
felicidad	116	600,1040,1772,256,1009,541,1438,403,738,1751,786,1111,749,1911,1982,1510,1806,67,908,1408,1773,242,460,1596,580,715,497,1117,1779,175,1026,648,21,341,1273,1305,198,420,1246,174,1237,892,1231,1614,1570,1366,1326,461,1212,594,1182,210,1895,230,515,1768,660,82,1152,998,138,1972,1962,353,775,114,1422,113,858,875,1050,1429,1400,555,1041,282,824,1679,1819,1950,308,526,142,1263,713,1425,843,140,989,85,1949,1038,440,762,101,863,1275,491,439,876,568,1119,554,1657,1116,1721,64,849,614,534
felicidades	3	1712,439,646
feliz	66	1638,941,641,728,120,776,129,1881,391,1497,912,1263,1382,1102,1006,1438,1768,82,1001,299,347,287,914,1195,790,1503,1818,453,712,548,1275,104,101,491,1505,1237,589,297,191,1874,276,67,1128,1151,395,1614,1098,1405,50,90,494,959,1241,1214,399,1448,182,417,1377,1310,1049,333
femeninas	1	167
feo	1	533
fernandel	1	1788
fernando	2	1837,618
feroces	1	43
feroz	3	43,1649,1167
fiando	1	914
ficticia	2	372,1233
ficticias	1	170
fidelidad	3	509,1342,1130
fiebre	1	1222
fiel	3	2000,1009,988
fieles	1	1569
fieras	1	139
fiesta	1	637
fiestas	1	1806
fifi	1	1594
figura	1	1975
figuro	1	1337
figurárselo	1	220
figón	1	1588
fija	1	1701
fijaba	1	1354
fijamente	2	1683,638
fijas	1	1905
fijaste	1	9
fijos	1	1409
filosofal	1	590
filosofía	2	1591,391
fin	18	873,892,1946,844,1271,943,323,1366,1492,593,1136,1474,1911,1490,127,261,1328,105
final	8	694,645,698,1866,180,1697,336,1688
finalidad	1	1288
finalmente	3	1385,1926,351
finos	1	1024
fisonomía	2	262,1887
flacas	1	1959
flechazo	1	159
flechazos	1	704
flor	4	769,1002,1503,664
florecen	1	1425
flores	9	1749,1501,1536,1416,417,1382,147
fluido	1	538
follaje	1	1651
fondo	6	1042,1801,1880,1563,312,1567
forcejeando	1	199
forma	9	1379,1297,696,1802,616,754,1332,1485,483
formaba	1	1302
formado	1	1290
formaron	1	1290
formó	1	1866
fortalezca	1	293
fortifica	1	1717
fortuita	1	1030
fortuna	4	1496,230,600,287
fortune	1	1312
forzaban	1	946
fosforescente	1	260
fracasado	1	1461
fracasados	1	401
fracasar	1	409
fracaso	4	1573,1717,616,605
fracasos	1	603
fragancia	1	1749
franca	2	970,760
francamente	1	1051
franceses	1	1148
francia	2	25,1581
franco	1	238
francos	1	1112
francés	1	1332
franqueza	4	1619,1372,379
franz	1	736
frase	1	309
frases	1	1279
fraternidad	1	599
frecuencia	1	1066
frecuente	1	159
frecuentemente	1	75
frecuentes	1	1462
frenesí	1	1601
frente	3	1027,1925,1249
frenético	1	1941
frenéticos	1	1753
fronteras	1	1627
frunciendo	1	996
frunció	1	1233
frutos	2	1519,417
frágiles	3	443,1804,1176
fría	2	1448,1770
frío	9	319,1464,417,1393,28,1851,1883,1655,1367
fríos	3	263,1598,1753
fue	25	282,55,728,324,1162,1906,416,492,1444,96,1168,779,1978,420,382,1624,1806,963,1856,1153,413,43,1202,1234
fuego	8	348,1865,11,1259,1205,1440,451,1406
fuente	6	1380,1961,1208,1052,1050,870
fuentes	2	1501,1961
fuera	12	953,712,1833,363,1264,1951,1349,441,1348,224,1445,976
fueron	6	1097,1257,1419,1044,416,360
fuerte	5	212,1769,182,992,523
fuertes	2	1845,1717
fuerza	9	1604,1269,478,386,1674,480,1733,1925,544
fuerzas	9	56,1493,1078,1667,853,1149,1174,404,360
fuese	3	308,525,1906
fui	5	787,203,215,95,33
fuiste	1	1416
fulgor	1	1223
fulminado	1	645
fumando	1	1551
funcionar	1	1599
función	1	261
funda	2	1406,278
fundadas	1	701
fundamental	1	1159
fundamento	1	241
fundar	1	1893
fundirse	1	441
funerales	1	219
funesto	1	1956
furia	1	1419
furiosa	1	627
furiosamente	1	1101
furioso	3	178,930,1974
furor	1	209
furtiva	2	1565,1249
fusil	1	1594
fusilarán	2	1226
fusílenlo	1	364
futuro	4	462,483,279
fácil	2	1539,126
fácilmente	6	1022,755,134,1713,1173,619
féretro	3	1672,1330,1610
fétido	1	511
física	1	337
físicas	1	754
físico	1	1500
fúnebre	2	731,1594
fúnebres	1	993
gabanes	1	1851
gallega	1	1135
galopar	1	314
gana	5	713,214,1270,161,1608
ganamos	1	452
ganancia	1	1344
ganar	1	72
ganas	7	1543,65,1909,1404,1903,1906,80
garantía	1	1700
garfios	1	1794
garganta	3	421,1675,309
gas	1	604
gaspar	1	1137
gasta	1	884
gastaba	1	1280
gastas	1	1638
gasto	1	1092
gatito	1	739
gato	2	199,118
gatos	2	484,1828
gaudí	1	1474
gemido	1	248
gemidos	1	1490
gemí	1	1409
genera	1	1187
general	2	1068,208
generalmente	2	452,858
generar	1	68
generosidad	1	713
generosos	1	1644
genevieve	4	1333,608,1448,357
genio	2	1135,880
gente	28	680,120,129,591,1556,1679,760,1924,207,1191,1402,1955,1060,518,1789,1555,1156,734,1599,1094,1496,503,1724,1288,1790,493
gentes	3	1680,1197,763
gentilmente	1	654
germina	1	339
gesto	1	303
gestos	1	785
gigante	7	424,1486,1928,1062,1147,1723,360
gil	3	305,530,1367
gime	1	1271
girar	2	402,1547
giraron	2	1989
giró	1	1162
glacial	1	899
glorioso	1	302
gobierna	1	505
gobiernan	1	1698
goce	1	138
goces	1	66
golondrina	1	285
golpe	2	946,1302
golpeaba	4	1451,757,1862,335
golpeado	1	248
golpes	1	858
golpeándole	1	1728
gorra	1	705
gorriones	1	163
gota	1	550
gotas	3	1393,1605,652
goteaban	1	1194
goza	1	210
gozan	1	1151
gozando	1	11
gozar	2	167,1351
gozo	4	879,310,1880,1827
gozosa	1	1512
grabada	1	1637
gracias	3	1370,608,411
graciosas	1	543
grado	2	1810,346
gradual	1	1462
gran	14	1426,1338,264,54,469,1469,1357,1731,1806,1792,219,1826,1903,358
grande	8	192,824,1247,1604,554,1198,353,1818
grandes	11	872,150,1463,871,175,57,1705,877,858,1310,1502
grandezas	1	1591
grano	1	1002
gratitud	2	957,1505
grave	1	1701
gravemente	1	344
graves	1	1920
grieux	1	897
gris	2	1534,1234
grisáceo	1	393
grita	1	1745
gritaban	1	1601
gritado	1	248
gritar	4	79,1525,1113,1941
grito	6	1566,984,1298,1479,1571,1490
gritos	7	510,1109,1183,1601,1732,1120,310
gritó	7	1643,984,1979,178,1135,1062,1149
grosera	1	110
gruesas	1	1393
gruesos	1	446
gruñó	1	1948
guadalupe	1	255
guapa	1	9
guarda	1	688
guardaba	1	1317
guardarla	1	991
guardia	1	1338
guardián	1	1399
guerra	8	96,579,1878,273,1012,1722,868
guerras	1	254
guerrilleros	1	1014
guillotina	2	1820,634
gusanos	2	421,1831
gusta	10	1176,837,170,1870,118,22,45
gustaba	1	1708
gustarán	1	1758
gustas	3	109,1450,1909
guste	2	1986,1405
gusto	5	779,823,1020,792,778
guía	1	1011
género	3	171,1256,1923
ha	61	1340,277,1070,1449,1930,741,823,1947,933,988,372,785,268,1041,1294,1382,1552,1667,1722,725,905,1143,1323,1768,1001,1915,650,1223,302,1108,160,529,839,1828,1147,928,986,1789,581,746,1039,1505,202,373,1862,1902,1373,528,1912,601,742,1626,1137,1276,1126,333,1301
haber	21	594,13,1261,492,1102,1974,717,593,1108,695,851,1264,1647,1232,625,1505,474,125,1355,1137
haberla	1	1324
haberle	1	1913
haberse	1	666
habido	1	1862
habiendo	1	1004
habita	1	1084
habitaciones	2	1451,301
habitación	9	824,146,295,35,1590,860,1705,1984,1047
habitantes	1	1875
habitual	1	1194
habla	5	1533,1337,1256,133,444
hablaba	4	27,155,1831,1422
hablado	2	1944,1932
hablan	2	1954,1107
hablando	2	1082,206
hablar	8	262,1760,1657,1922,345,190,516,33
hablaron	1	423
hable	2	1847,612
hablemos	1	582
hablen	1	1798
hablo	1	1748
hablé	1	1281
habléis	1	447
habló	2	1882,938
habrá	7	810,941,1073,1262,1972,1553,1960
habrás	1	920
habré	1	1944
habría	17	97,1566,49,13,398,478,1532,1324,1950,845,1393,1454,1485,427,1285,425
habéis	3	969,1932,612
habértelo	1	1439
había	78	883,787,1390,1785,840,154,936,1440,407,1364,802,1268,1365,1372,759,404,716,1677,1438,231,743,1587,1650,435,1385,510,1729,808,1136,877,1179,1711,790,1983,627,1710,1096,1813,1130,1007,1543,329,955,26,379,1133,1181,1203,946,1615,1519,262,1414,963,1882,721,1194,1338,1448,246,1724,1594,586,453,1164,1028
habíamos	3	271,247,1348
habían	15	303,737,456,1759,1856,241,401,1928,1908,477,1775,1945,849,1130
hace	26	437,1547,327,1940,1263,149,192,334,1924,92,347,141,1165,1813,1222,198,1221,1246,1663,1904,1087,799,564,1692,588,119
hacemos	7	766,1032,1155,1898,1741,1972
hacen	7	1812,766,1480,363,1531,1830,1965
hacer	28	822,1401,1261,1527,256,1855,244,1639,736,877,951,613,1818,198,1176,1246,863,1237,876,313,1259,1326,182,1377,1288,119,1791
hacerla	2	1324,883
hacerle	2	703,313
hacerlo	8	1094,1319,1575,176,935,1368,239,1503
hacerme	3	1625,784,401
hacernos	2	438,581
haceros	2	1874,1818
hacerse	4	1091,391,1117,1744
hacerte	5	262,489,1320,279,1147
haces	3	1638,1308,1591
hacia	26	1687,393,1947,684,888,1946,1359,673,1544,1324,611,261,411,779,1630,202,1021,1931,384,538,1849,203,1491,833,352,1138
haciendo	2	1955,74
haciéndola	1	1179
hacérmelo	1	759
hacía	13	163,721,731,1338,1497,1849,665,802,1563,1988,906,1006,1941
hacíamos	1	1297
hacías	1	1591
hadas	1	1599
haga	2	1435,1548
hagan	2	1838,1081
hago	4	1450,1455,58
halabí	1	703
hallaba	1	652
hallarme	1	406
hallo	1	396
hallábase	1	1999
hambre	4	417,724,1549,1080
hambriento	1	552
han	20	687,504,1640,864,1472,1107,1808,748,714,175,826,796,852,1591,1988,374,1477
hans	2	1153,219
haremos	2	522,4
hartan	1	1350
harto	1	1568
hará	4	1743,108,235,4
haré	2	1374
haría	1	1190
has	11	1762,207,776,248,1048,1308,211
hasta	63	234,883,1489,1575,698,29,1524,416,1009,540,1117,1120,1249,740,244,1001,1425,542,1650,87,325,1325,622,695,1777,850,2000,775,1949,1069,1960,472,1235,1688,975,955,1203,1218,482,1985,1783,1602,28,864,753,559,524,1436,654,959,461,834,401,205,480,1393,1908,1635,1537,1234
hastío	1	1735
hay	81	591,1144,281,541,885,56,748,1641,706,1157,799,1910,1520,1599,1378,1787,1503,534,1642,551,367,1232,73,130,459,864,780,742,1204,110,557,1812,1504,69,1494,1228,210,1677,356,831,995,1360,1639,293,1733,472,886,639,878,1674,868,565,1916,267,1457,357,494,659,1981,1377,516,253,222,1819,707,894,1924,241,1731,1243,188,385,1927,1796,1626,1496,1412
haya	12	317,1923,1657,1986,820,805,1183,1461,1004,1441,376
hayan	1	1793
hayas	1	1485
haz	4	980,879,1406
hazañas	1	1502
hazles	1	1582
hazlo	1	1575
he	52	1340,1586,1591,1382,759,374,1667,1719,1768,1001,1645,542,655,736,1187,918,992,312,771,928,1027,197,320,1592,429,1814,1820,1967,30,942,58,1345,191,28,1622,1809,1098,363,370,585,1616,1765,859,1124,45
hecha	1	600
hechas	1	852
hechizada	1	832
hecho	15	1768,320,1824,13,826,1591,648,802,58,785,849,191,1862,928,1234
hechos	1	1419
hediondas	1	1184
hedonistas	1	1848
hedor	1	592
helada	4	1998,1769,972
helado	2	1811,1346
helados	2	1367,481
heme	2	496,694
hemos	11	25,921,1693,117,1351,1170,1116,690,1371
herida	1	1252
heridas	2	678,1442
herido	2	456,466
herirte	1	1062
hermana	4	1776,1500,936,154
hermanas	1	210
hermano	5	382,1734,246,1826,888
hermanos	3	1165,274,1908
hermosa	11	474,313,1223,1150,607,1440,1872,812,875,434,33
hermosas	5	1536,157,1692,1731
hermoso	7	197,1795,1692,745,598,533,1685
hermosura	2	965,559
heroísmo	3	749,1040
hervir	1	91
hervían	1	1941
hiciera	1	1785
hicieron	3	91,71,936
hicimos	2	1018,1171
hiciésemos	1	908
hiedra	1	638
hiel	1	1607
hierba	2	197,1001
hieren	2	1625,828
hierro	3	1464,1849,1908
higiénico	1	1014
hija	12	1070,1124,1932,269,1103,1399,298,1195,827,333,1702
hijas	2	306,861
hijastra	1	1816
hijo	7	600,1137,382,168,1956,1545,686
hijos	5	1200,210,1487,1288,274
hipocondríaco	1	751
hipócrita	1	1921
hiriendo	1	615
hirviendo	1	1085
historia	10	1739,1436,1850,733,484,1087,378,796,633,912
historias	3	1975,653,587
hizo	10	82,1414,291,1448,1656,1545,854,1273,1753,705
hocico	1	1398
hogar	4	1874,1009,177
hojalatero	1	219
hojas	2	163,488
hombre	90	47,1399,899,1106,1435,850,187,379,706,1218,1904,835,383,51,1766,1550,257,1933,1049,1830,1074,1372,1396,268,1154,127,1552,1620,1081,771,1091,104,122,551,865,1624,130,870,780,601,1618,1864,1126,1318,1697,356,831,841,1699,74,593,133,1348,238,1505,564,817,1050,1912,1137,1689,1559,45,1564,941,1342,136,1263,289,989,1376,951,1356,699,712,1518,1321,863,343,538,1098,1498,1259,709,1011
hombres	41	504,1220,891,386,792,1173,1248,1483,1360,569,1585,674,510,944,1325,1780,1798,613,1381,1165,855,1691,436,1877,1619,187,77,1343,48,1985,383,1424,486,1927,559,1493,398,821,1553,861,1304
hondo	2	1701,299
honesta	1	745
honestidad	1	1322
hongos	1	638
honrosa	1	1763
hora	13	1627,299,223,1687,698,1325,530,439,1002,1207,1578,555,147
horas	7	1472,1279,1944,1509,1735,618
horizontal	1	732
hormigueante	1	1393
horrenda	1	358
horrible	9	1835,1023,1432,1388,501,393,1737,1367,1915
horror	14	535,1166,1810,215,501,1705,1044,1396,1490,1610,1077,638,771
horrores	2	1739,1293
horrorizaba	1	561
horrorizado	2	860,869
horroroso	1	1185
horrorosos	1	1850
hospital	2	227,933
hostigaba	1	1952
hostil	2	1769,1283
hostilidad	1	1160
hostilidades	1	1914
hotel	2	135,472
hoy	11	1719,1203,1276,1532,1618,1591,948,344,771,704,1899
hubiera	9	1373,1038,1696,1201,1944,478,1258,958,648
hubieran	4	1060,845,561,220
hubieras	1	1150
hubieron	1	219
hubiese	5	770,427,1121,324,177
hubiesen	2	1738
hubo	3	1121,1216,1976
hueco	1	1620
huellas	1	1096
huesos	4	1951,1602,1939,1487
huevo	1	2
huir	1	1005
humana	6	696,596,1369,858,1911,60
humanas	2	905,696
humanidad	7	782,532,1218,138,107,1697,1117
humano	11	1380,696,171,1262,302,279,1770,1256,785,844
humanos	2	796,1458
humeantes	1	1557
humedad	3	638,502,604
humilde	1	482
humildes	1	1644
humillación	2	1888,1016
humor	10	1889,558,1977,1099,379,1886,48,982,1469,670
hunde	1	1701
hundirle	1	13
hundirse	2	930,1749
hundió	1	1304
huyendo	1	1591
huérfana	1	1957
huérfanos	1	1436
huésped	1	982
huí	1	860
huía	1	1390
huías	1	1591
hya	1	465
háceme	1	1135
házle	1	1406
héroe	1	1592
hígado	1	1465
húmeda	3	896,264,1970
húmedos	3	1963,716,351
iba	7	1562,1275,820,1999,1306,850,151
iban	3	1394,1969,1182
ibas	1	1826
idea	6	1394,956,47,279,1684,640
ideal	3	1924,948,497
ideales	2	1640,828
ideas	5	1842,1761,1960,1408
identificados	1	1988
idioma	2	390,704
idiota	2	1057,786
ido	4	1324,1532,277,737
idos	1	1580
ignora	3	1482,229,661
ignoraba	2	1784,280
ignoran	2	145
ignorancia	5	1889,1269,932,419,752
ignorante	1	482
igual	2	830,369
igualdad	1	1740
iguales	2	1458,1044
igualmente	1	325
ilimitada	1	1998
ilumina	1	1975
iluminadas	1	1605
iluminado	2	771,302
iluminan	1	1640
ilusiones	4	92,1852,768,95
ilusión	3	1335,438,461
imagen	6	963,651,393,1725,1025,1506
imagina	1	1396
imaginaba	1	1281
imaginación	7	1831,1852,1810,48,907,1369,497
imaginar	1	1737
imaginara	1	901
imaginario	1	1861
imaginaron	1	1848
imaginó	1	1816
imagínate	1	279
imagínense	1	1912
imbécil	2	1308,950
imbéciles	1	1649
impalpable	1	604
impedido	1	657
impedir	1	1307
imperioso	1	771
impide	1	574
implacable	1	328
importa	10	1638,991,549,1366,1825,749,1475,589,1051,376
importaba	1	1615
importaban	1	1434
importancia	4	1248,1741,1065,463
importante	2	781,1835
importantes	2	545,284
importaría	1	1695
imposibilidad	1	1352
imposible	5	1186,745,409,1893,220
impotencia	1	657
impotente	1	149
imprecaciones	1	1342
impregnado	1	1667
impresa	1	426
imprescindibles	1	1483
impresionado	1	1001
impresionan	1	483
impresionarse	1	358
impresiones	1	605
impresión	3	970,1385,1742
impropio	1	1871
improvisaciones	1	993
improviso	3	1468,1934,1816
impulsa	1	1770
impulso	1	618
impulsos	2	1558,1880
impía	1	645
inaguantable	1	982
inaudito	1	384
incansables	1	383
incapaz	2	1027,1758
incertidumbre	2	1835,251
incesantemente	1	279
inclina	1	1119
inclinaba	1	798
inclinaban	1	1208
inclinado	1	1281
inclinó	2	673,176
incluso	17	1353,1007,1900,543,728,171,762,1532,220,116,482,161,850,1465,1836,384,1541
incomode	1	1664
incomprensible	1	1432
incomprensión	1	1568
inconcebible	1	1044
incondicional	1	280
inconexas	1	1279
incontenible	1	1169
incontenida	1	75
incorporé	1	1034
increíblemente	1	1044
indecible	1	915
indeciblemente	1	317
indeleble	1	426
independiente	1	182
indescifrable	1	1686
indicio	1	602
indiferencia	4	721,770,990,1090
indiferente	1	1368
indiferentes	2	249,1423
indignación	2	303,1523
indignas	1	1771
indigne	1	1266
indigno	1	582
indio	1	958
indispensable	1	526
individuo	1	85
individuos	1	1465
indudablemente	1	1044
inefable	1	1735
inesperada	2	223,1198
inevitable	3	184,1030,945
inexorable	2	981,1399
inexplicable	3	65,103,1705
inextinguible	2	731,392
infame	1	793
infancia	3	66,1529,559
infantil	4	894,1907,1920,914
infelices	2	1881,229
infelicidad	1	1895
infeliz	3	856,1630,786
infiel	2	1520,1678
infieles	1	1569
infierno	1	1737
infinidad	1	1302
infinitamente	2	1353,1772
infinito	2	1627,1002
inflama	1	210
inflamarse	1	1948
inflamó	1	853
inflexible	1	258
infligir	1	1888
influencia	1	1795
influencias	1	1612
información	1	1441
infortunio	1	1324
infundado	1	610
infunden	1	635
infundiera	1	901
ingeniaba	1	751
ingenuo	1	127
ingenuos	1	66
inglaterra	2	1464,1148
inherente	1	60
inhumana	2	43,687
inhumanamente	1	1902
iniciando	1	540
iniciativa	1	1519
ininteligibles	1	1850
ininterrumpida	1	1231
injuria	1	75
injurias	2	191,543
injusto	1	931
inmediatamente	5	1255,1873,923,1966,1465
inmediato	2	306,566
inmensa	5	282,925,1070,1256,268
inmenso	1	356
inminente	1	339
inmortal	3	1746,525
inmortales	1	536
inmortalidad	4	1929,1219,1591,567
inmóvil	2	853,830
inmóviles	1	1367
inocente	1	1275
inquieta	1	1354
inquietaba	1	850
inquietadéjame	1	513
inquietas	1	1892
inquieto	1	406
inquietud	5	873,445,1658,1255,103
insalubre	1	430
insanamente	1	1311
insecto	1	57
insensible	1	1908
insidias	1	1184
insistentes	1	1277
insistir	1	1163
insistió	1	563
insomnio	2	1692
insoportable	4	724,1550,1810,1271
inspector	1	563
inspira	2	1940,1289
inspiración	1	681
inspiramos	1	1452
inspiras	1	1561
inspire	1	1842
inspiró	2	849,1454
instante	9	1216,1137,435,530,1031,1949,1051,1477,1918
instantes	2	474,648
instantáneamente	2	877,1367
instantáneo	1	1088
instintivo	1	1739
instinto	1	1343
instrucción	1	1233
instrumento	1	1693
instrumentos	1	150
insuficiente	1	1302
insufrible	1	1705
insultado	1	248
insultantes	1	784
insultar	1	1336
insultarlo	1	676
insulte	1	918
insulto	3	129,1673
insultó	1	1093
inteligencia	6	1426,49,1697,1336,533,221
inteligente	1	482
intenciones	1	1322
intensa	3	107,430,1705
intensamente	2	1777,698
intensas	1	1267
intenso	6	400,751,756,164,107,1593
intenta	1	1634
intentaba	1	703
intentando	1	1201
intentemos	1	748
intentes	1	803
intento	1	1656
intentos	1	12
intercambiando	1	540
intercambio	2	159,1671
interceda	1	1624
interior	4	917,1262,1395,1941
intermedio	1	585
interrogador	1	1149
interrumpió	1	1565
intervalo	1	501
interés	4	794,765,1360,100
intimidado	1	1936
intolerable	3	1359,756,751
intransigente	1	1770
intrépidos	2	956,1985
intuí	1	1034
inundadas	1	782
inundó	3	35,1302
invade	1	103
invadió	5	1367,1934,757,916,1723
invasor	1	704
invencible	2	677,65
invencibles	1	1209
inventadas	1	244
inventado	2	741,839
inventando	1	521
inventaste	1	1118
invernal	1	1534
inverosímil	1	1696
investigar	1	1338
invierno	4	417,909,1999,553
invisible	1	1757
invisibles	1	1290
invitas	1	1319
invito	1	165
invocar	1	1975
involuntariamente	1	1554
inyectado	1	905
inútil	2	1441,241
ir	1	202
ira	8	931,1449,742,1974,636,383,1147,1142
iracunda	1	474
irguió	1	1112
irme	1	429
irnos	1	1171
ironía	4	1757,1993,55,1152
irracional	1	893
irremediablemente	1	351
irremisible	1	1253
irreparablemente	1	601
irreprimible	1	916
irresistible	2	814,1151
irresistiblemente	2	670,786
irresistibles	1	1254
irrita	1	1771
irritado	1	375
irrumpió	1	1490
irse	3	216,1029,988
irás	3	1660,522
iré	2	1225,926
iría	1	1481
italia	1	182
iván	1	625
izquierda	1	854
jabón	1	1819
jacinta	1	271
jadeando	1	1464
jadeante	3	1912,1113,869
jaime	1	1643
jaleo	1	1345
jamás	19	262,743,1001,1887,1923,1807,674,1680,1999,808,1615,988,1294,830,759,1732,1043
jardines	1	1501
jardín	3	638,1147,909
jarras	1	1008
jergón	1	1643
jochen	1	246
joderse	1	1553
jofaina	1	1096
jorge	1	18
joven	18	234,314,1635,645,1662,746,914,1704,1873,1791,1883,1424,919,306,1120,231,41,384
jovialmente	1	1995
juancho	1	1728
judíos	3	1926
jueces	1	1322
juego	1	759
juegos	1	461
juez	2	1794,1233
jugadores	2	79,1344
jugando	1	667
jugar	1	667
juguetona	1	1008
juicio	1	645
julia	2	441,921
juntando	1	1650
juntas	2	1171,1251
junto	5	11,1597,298,1883,1147
juntos	8	660,737,1221,1319,1759,706,1858,1116
jurado	1	231
juramentos	2	509,1419
juras	1	1791
juro	5	1532,1348,1593,1913,1791
justa	2	1248,165
justicia	8	1378,278,1878,552,1687,74,1716,258
justificación	1	1309
justino	1	201
justo	3	264,58,803
justos	1	748
juventud	4	586,195,1347
juzgamos	1	1322
jóvenes	3	454,272,231
katharine	1	1587
katia	1	1593
kilos	1	1623
kraft	2	1712,1422
kraftpero	1	759
la	1351	1433,498,195,1040,803,760,689,1284,1757,1056,692,149,139,1006,137,872,738,389,1240,299,1645,631,1540,749,1956,1675,1735,918,544,1925,1957,844,1139,1201,316,1218,1363,483,67,1607,1632,1283,629,708,669,1773,1832,94,924,1256,1260,1309,1541,405,1889,1184,1628,1700,1759,1852,103,756,169,919,812,1863,906,408,640,193,419,302,1026,1891,648,1610,599,705,1122,1379,329,1320,438,551,1501,48,174,1404,1329,1237,1783,1345,892,313,1570,159,1326,1088,1661,1594,1215,1092,1790,166,397,931,514,478,506,637,230,789,1306,1469,1738,274,556,1159,831,1394,338,1216,510,1388,826,775,1792,886,1319,1482,171,1666,31,1082,999,1429,41,523,487,388,1546,97,1094,1410,1423,1845,784,990,1878,1656,503,1058,586,1400,45,1893,1213,1304,1070,222,1576,1198,936,495,526,1443,1382,337,938,1295,894,196,984,1425,527,140,1582,1729,264,52,796,1387,1685,628,1038,1029,185,1518,1243,762,1321,385,916,937,2,568,1119,846,370,900,1742,203,859,1349,307,1842,1474,173,701,819,884,560,1399,386,1144,1772,162,416,1282,1367,80,1244,96,1659,655,287,754,1817,1631,1711,1955,1960,1739,1936,1431,1264,187,22,791,1795,1599,1408,1716,1787,1964,804,415,1775,1539,352,788,1095,102,580,698,1170,1591,1372,1989,340,540,1117,1620,1018,1990,1521,1460,309,1252,923,530,770,1777,579,781,638,771,1305,1953,537,11,577,1246,484,961,1986,1208,30,747,1590,1347,1578,209,1016,1083,755,446,601,649,1255,35,1153,732,1380,1504,813,1182,1507,280,1929,1690,1440,1895,609,815,107,660,902,200,1063,1152,456,74,1324,216,138,293,133,1292,1871,915,1384,532,837,1307,1825,466,1573,868,800,1177,1991,123,1405,1137,1728,979,1312,1293,1062,1883,1357,957,1592,1635,208,1760,75,741,1819,1752,142,251,665,285,1263,1636,1593,711,985,502,1392,81,583,1351,1385,1859,418,1044,1376,95,1664,1096,261,1949,1142,197,320,70,1073,284,429,1970,296,862,1275,1704,752,439,1994,876,1125,283,1615,970,321,1279,559,1856,1721,205,1286,1296,735,1545,1681,413,1188,5,151,1412,1702,1234,1833,1452,600,1971,1527,899,1162,1403,1012,1389,239,1174,1346,1009,541,885,1438,773,1064,696,1078,141,1402,767,1860,1705,1179,10,1939,392,964,1235,765,26,1157,1904,1993,1343,509,566,630,1031,28,384,1530,1046,718,1600,1338,1035,1961,1250,298,1921,1049,573,23,798,1750,1298,242,460,1847,275,715,1976,1328,887,1946,1747,1907,1648,1869,1134,1325,1475,874,1352,2000,1069,1753,505,1247,814,1663,122,1829,561,1446,73,1941,79,687,1217,1614,183,1821,932,461,426,1332,587,110,1514,861,8,1335,1420,1495,795,594,206,1930,1042,1315,1937,210,677,155,1368,1454,974,1730,597,1248,1512,245,1697,1987,764,1719,694,317,212,421,468,953,1022,1191,223,542,736,797,998,1187,1362,1873,1948,160,1951,1972,1272,610,38,1130,472,1168,1422,1867,973,1067,853,858,948,1583,1156,1755,734,339,1862,1914,1302,969,465,1981,1784,750,832,1975,588,675,1774,1288,1308,555,493,824,1935,1219,1342,136,463,728,129,432,1497,1679,154,947,452,393,372,713,827,1008,1484,1915,1943,737,843,1135,423,671,1544,1707,109,1339,1682,1611,681,1169,758,1506,1608,1356,1693,605,1430,440,863,946,491,143,625,297,1025,343,811,278,1498,963,1870,652,366,1199,1800,1737,533,1011,131,120,47,591,1158,256,1579,1940,1601,1551,785,180,927,684,810,1434,717,786,636,1223,1132,1111,1810,1952,590,54,1911,1710,619,1059,336,1171,6,1789,1820,1619,706,273,607,967,271,1555,1510,359,58,1077,1806,60,1808,1835,908,1230,363,511,654,721,1194,1436,1550,1616,678,1849,1393,1310,231,1508,1451,91,802,866,497,567,1396,1552,670,442,1001,1089,1827,1779,87,175,1652,457,622,1617,1503,1896,1459,1606,1091,1097,1543,1662,955,722,1087,1232,462,1684,1149,258,870,1231,1024,1366,608,890,730,1270,1395,315,1776,1390,391,269,1687,1905,1173,1127,515,356,926,1359,1768,569,1054,1112,1699,1432,118,685,1010,877,1528,1733,522,369,1715,353,1165,114,1060,411,1640,121,871,1880,1516,1254,1050,950,1604,910,558,475,880,402,962,731,17,1131,1903,43,516,1121,1763,250,710,1047,234,1850,1269,1418,12,308,982,1427,192,34,289,207,604,1375,1673,1974,673,989,914,85,1875,757,627,1344,1603,518,782,455,1287,1643,1749,1919,1885,727,101,930,1529,410,1736,482,1002,1052,189,1259,554,1657,1934,1116,1908,481,1553,849,1193,606
labios	23	1598,199,512,1258,351,303,1112,1277,1734,1617,1374,1753,263,1431,910,295,890,17,586
laborioso	1	482
labrar	1	768
laderas	1	1854
lado	5	1379,325,1485,1879,1522
lados	3	472,789,335
ladre	1	864
lady	2	586,1955
lamentable	2	1705,292
lamentablemente	1	1369
lamentaciones	1	1
lamentando	1	405
lancé	1	1856
lanzar	1	751
lanzaron	1	1273
lanzará	1	405
lanzándole	1	743
lanzándome	1	730
lanzó	3	538,150,1298
larga	8	1606,176,1233,916,132,540,1953
largas	3	1172,993,1892
largo	6	458,643,1497,1819,1964,1006
largos	3	1327,122,414
larguísimas	1	1892
las	247	1196,701,326,47,386,1327,108,162,1722,128,1174,305,1965,1367,139,1472,738,920,1442,454,1227,1860,1540,754,844,1960,1171,99,1463,187,706,380,852,191,60,28,483,254,1493,1961,1035,214,301,678,1770,924,1393,1964,1310,1775,1309,352,1541,1508,460,1451,1847,1416,1591,1372,802,945,618,1907,1089,1172,653,763,1827,1701,1838,751,1325,32,635,893,1652,1014,638,724,1176,1714,1501,1391,1232,1531,870,1500,1151,687,1614,270,399,1167,861,1420,1380,1318,1533,1598,1182,1197,1812,1651,1267,1419,155,609,230,592,1538,374,1248,245,716,584,1529,1639,1054,1,1909,510,488,826,1873,369,444,1147,472,886,576,977,1854,1665,1892,1067,378,1257,1350,1758,1825,1630,1254,165,828,1094,236,962,990,1845,714,1975,1728,17,43,1058,1592,1791,1574,1580,1480,536,432,1104,1456,1922,1053,318,526,229,148,249,1502,905,543,595,1425,1536,435,989,85,1875,796,109,1767,1044,758,518,1643,455,284,429,66,163,1509,188,439,1316,189,723,278,1290,1119,1718,1742,652,1856,1681,1605,1842,1545,1567,147
lastima	1	1125
lastimera	1	807
late	2	1584,1777
laten	1	1412
latido	1	1736
latina	1	1014
lavallois	2	1136,1966
lavan	1	1025
lavarse	1	1096
le	144	55,326,1158,646,1389,792,1120,888,738,786,232,1952,1675,574,918,471,850,26,630,1988,383,384,1809,1599,1408,295,897,924,335,1309,231,883,1220,802,945,340,1102,193,1907,1979,260,1838,1990,1460,309,341,1913,1978,1829,79,262,864,959,1366,1190,1065,124,437,1548,1390,1575,1228,1937,210,1454,1823,584,725,1394,694,569,593,213,1465,133,1051,1060,1292,915,117,1944,171,942,564,950,1424,1862,1604,165,97,1373,402,1137,1712,1872,1635,941,1342,463,936,154,78,289,1743,1392,984,843,1767,261,197,320,1535,1786,439,266,1879,373,538,189,424,1692,1545,1966,1160,119,333,602
leas	1	317
lecciones	1	214
lección	1	1628
lectura	1	1735
lee	1	912
leer	2	904,1087
leerlo	1	15
leerme	1	1087
leguas	1	1210
lejano	3	1676,1860,1534
lejos	6	489,1452,1312,1682,496,928
lengua	4	1870,17,1607
lenta	1	698
lentamente	6	1024,1749,1509,1497,1169,1006
leo	1	771
les	17	502,1176,1302,1398,1493,37,214,1210,1998,205,1465,1531,1962,148,1931,1968,1896
letras	1	391
levanta	2	1643
levantamientos	1	1302
levantar	2	1212,1493
levantarle	1	1385
levantarse	2	621,854
levantas	1	1118
levante	1	628
levanté	1	767
levantó	3	673,384,817
levántate	2	1047,1067
ley	4	831,142,139
leyendo	1	1975
leyes	1	754
leyó	1	1829
leí	1	1551
liberada	1	1994
liberarme	1	1113
libertad	3	1275,185,302
libra	1	1935
libraban	1	139
librará	1	1101
libraría	1	289
libre	9	772,460,1140,156,297,1036,1122
libres	1	680
libresca	1	372
libro	3	445,825,15
libros	4	1877,841,1585,1839
libré	1	404
licor	1	1824
liebre	1	246
lienzo	1	751
ligamen	1	156
ligera	4	1622,634,399,161
ligereza	1	160
ligero	1	1123
lima	1	1800
limitaciones	1	1770
limitó	1	1703
limpia	2	755,310
limpiabotas	1	1104
limpiase	1	584
linda	1	1659
lindey	1	690
lirón	3	1821
lisa	4	1565,721,1995
listo	1	216
literarios	1	1871
literatura	2	102,1553
llagas	1	1847
llama	4	443,1265,7,169
llamaba	1	1774
llamaban	1	704
llamada	1	1659
llamado	1	1438
llamados	1	1693
llamando	1	898
llamar	2	92,1271
llamaré	1	347
llameaban	1	1983
llamo	1	347
llantos	2	1787,1295
llave	3	146,1738,1707
llega	6	502,514,947,410,1403,1697
llegaba	2	417,1158
llegada	2	1777,1325
llegado	1	1340
llegan	1	1670
llegar	4	1471,223,1682,1318
llegaron	1	1486
llegará	1	127
llegaría	1	698
llegase	1	11
llegué	2	963,1543
llegó	5	93,1601,1306,1346,1147
llena	9	742,49,807,583,765,1354,899,1617,1096
llenaba	1	1342
llenaban	2	1823,189
llenar	1	1318
llenarlos	1	1374
llenaron	1	1408
llenas	2	1184,1749
lleno	10	262,36,1856,355,501,1147,1607,340,472,33
llenos	3	27,1483,1019
llenó	1	1394
lleva	7	696,722,419,1578,617,1011
llevaba	1	1414
llevado	4	586,478,1594,154
llevan	5	1865,962,1810,1224,887
llevar	5	1137,944,417,337,937
llevarlo	1	1086
llevarse	1	1398
lleve	2	240,1664
llevándose	1	1029
llora	7	1584,1103,1203,891,127,80
lloraba	3	1732,16,606
lloraban	1	1473
llorado	3	594,1203,1201
llorando	10	1931,1508,1575,1687,1208,1439,1734,1286,716,1017
llorar	14	1927,1803,65,1390,1993,401,1324,1017,108,1270,792,1589,950,1138
lloras	1	373
llores	1	226
lloro	2	311
lloré	2	91,1474
lloró	2	622,842
llover	1	271
llovía	1	753
llovían	1	224
lluvia	6	604,1046,652,805,757,169
llévenselo	1	364
lo	291	1928,1403,239,541,1006,1253,403,872,920,299,92,232,655,1435,1659,590,1034,544,1059,1637,1739,1211,1799,1641,500,943,799,509,58,306,1806,28,676,170,363,718,669,834,98,1554,1770,1964,1124,1541,277,255,794,1759,575,1785,275,327,647,802,933,1591,1207,1676,1667,1756,1855,1407,640,662,740,449,1143,1180,396,1995,1701,1081,1727,1726,2000,1492,1913,1379,1007,198,537,420,1662,1246,722,48,1237,1016,1672,1450,1085,459,1186,1570,1366,9,1864,1090,1190,1212,890,1126,1866,761,1004,1335,220,1380,1812,375,69,1548,13,1464,980,1364,1368,789,1306,1623,107,1677,1723,1159,1768,1529,1337,1499,736,909,1187,1948,1280,1972,934,217,114,1051,33,1168,1292,977,1871,1129,1665,1801,1666,1814,382,1825,571,349,589,1050,1874,910,97,1353,1410,1414,1912,119,880,402,181,1656,1118,1559,1293,516,1202,1635,250,939,1304,282,1281,1219,1317,787,1045,728,1791,1576,1497,1456,1819,1848,1950,1752,1901,229,372,447,519,1467,1593,1915,502,604,543,1225,1532,62,264,914,1859,418,464,529,695,851,904,1485,547,451,1344,1813,18,1071,186,429,863,930,570,1786,946,1123,168,1713,143,266,876,937,1740,963,1241,1609,1870,1276,1718,1765,1856,205,413,1160,709,533,145,1926,1011
loca	3	1027,1164,1775
locamente	3	1645,1989,1784
loco	10	841,1562,1695,429,40,1864,1339,730,1411,1664
locos	1	1400
locura	13	292,455,76,1716,345,1956,1395,627,290,1311,60,1142
locuras	1	383
lodo	1	1235
logra	1	858
lograr	1	211
lograría	1	1656
logro	1	302
londres	3	391,472,139
longevidad	1	735
lorin	8	1083,357,1338,1689,1195,58,1341,297
lorry	4	375,1767,11,1168
los	427	237,689,692,1006,139,872,738,1824,299,1675,1034,544,1925,1569,1982,581,1769,1283,1554,480,1541,405,1020,945,812,1019,59,893,1468,350,1683,1794,1473,1501,1331,48,1531,1329,1237,1672,821,1215,25,1306,1823,716,274,556,704,841,909,510,1079,427,436,1319,639,1630,565,41,1916,1423,1845,784,990,1377,1945,586,1400,253,1304,1480,126,199,1881,1848,1443,801,249,1295,1249,1397,882,1015,52,796,314,712,846,1718,203,1072,71,147,921,1258,1399,386,1644,1772,1105,219,1367,1244,655,1585,1711,1211,548,645,1431,1877,187,383,686,247,994,676,1599,1716,1229,415,492,540,1954,662,774,1381,1014,638,476,484,1624,209,1409,1698,1732,557,1598,280,1486,107,584,902,664,1398,138,613,1465,263,915,1384,837,1571,123,1525,1580,1720,1636,1859,1096,261,699,559,1721,205,1336,1412,145,1926,55,1032,759,773,1064,362,141,1780,57,928,1235,77,1343,486,1805,27,657,1826,1298,1224,37,1161,1437,887,562,1069,1753,122,1084,1706,1686,79,687,1217,864,398,461,1212,861,594,891,1538,974,1248,764,1529,1969,1362,998,488,1951,1828,1867,858,734,1424,1717,165,361,1559,493,1497,1104,1581,360,688,1277,435,1536,423,1707,109,1458,855,625,1322,343,1927,1605,1737,504,1158,1928,1601,785,1434,717,786,1227,310,6,779,1200,1619,706,1555,359,1988,58,60,1436,511,1194,1616,401,1148,231,1508,1107,794,1487,1396,1667,1089,175,1734,414,1868,1087,1985,890,680,1228,1267,1173,1483,1360,569,1054,1112,944,685,783,1165,1640,1854,1892,16,1350,1931,1602,474,910,828,402,494,1802,1968,150,1834,240,604,1673,545,674,1875,757,782,66,163,272,482,1052,1021,719,1259,1908,481,1553
losa	1	731
losas	1	305
lucha	1	1770
luchando	2	385,1359
luchar	2	385,624
luciano	1	1257
lucidez	1	1716
lucía	2	1059,143
luego	13	348,1220,364,363,205,1669,1365,1840,1551,830,1903,1169,1963
lugar	13	864,645,1060,577,1616,796,256,839,1879,95,1672,333,1685
lugares	1	414
luminosa	2	161,767
luna	6	1392,123,304,963,1527,1004
luto	1	1013
luvina	2	963,1879
luz	9	604,1643,264,1212,1364,625,692,340
lágrima	2	1908,1249
lágrimas	23	1596,506,1399,108,162,1469,128,1823,1019,716,842,622,1169,1096,548,1201,188,1590,1025,1259,1194,1238,27
láminas	1	1283
lástima	3	1345,1940,1421
límites	3	1666,1627,1089
lívido	1	426
lógica	1	58
lúgubre	2	1998,1610
lúgubres	1	466
m	2	1136,1966
macabra	1	1831
macabro	1	1629
macera	1	1690
macho	1	1791
macizas	1	306
madeline	1	586
mademoiselle	1	1594
madrastra	1	1090
madre	13	1434,420,1431,752,677,593,27,1973,1345,1667,1500,1560,764
madres	1	274
madrina	1	1715
maduran	1	821
maestro	1	469
magníficas	1	1367
magnífico	1	1361
majestad	1	139
mal	30	1380,1889,822,78,245,1444,766,743,770,992,261,928,1455,271,1624,1988,339,1809,990,1851,1830,173,586,1308,880,1371,602
mala	6	262,1622,571,22,1417
malas	3	962,270
maldad	2	760,383
maldades	1	1975
maldecirá	1	1687
maldiciéndolo	1	743
maldición	1	773
maldita	1	1163
malditas	1	1196
malditos	4	1200,1097
males	2	556,868
malhumorado	1	1876
malicia	2	156,1164
malignamente	1	518
malo	3	1752,1291,1567
malos	2	674,1382
malvado	1	276
malvados	1	581
maléfico	1	402
malévola	1	352
mambo	1	481
mamá	4	1291,373,1276,1994
manantiales	1	1889
manchada	2	1754,940
manchadas	1	1061
manchado	2	97,627
mandamiento	2	863,771
mandarlo	1	1683
mandaron	1	1015
mandas	1	152
manera	15	1739,1740,25,872,313,1405,1693,494,1971,1293,1130,1987,1683,151,220
maneras	1	367
manette	1	1702
manga	1	1414
maniatado	1	697
manifestaba	1	654
manifestarla	1	565
manifiesta	2	1597,1742
manjares	1	1423
mano	14	779,1795,1566,806,1116,1349,298,530,1002,854,1149,1611,1594,1862
manos	19	326,432,1104,618,340,1367,738,1078,441,414,1925,1749,158,97,125,990,1035,1190,1545
mansión	2	860,600
mantengamos	1	380
mantente	1	1475
mantiene	1	1311
manto	1	205
manuel	2	96,975
mapa	1	155
maqueta	1	1474
maquillaje	1	1169
mar	13	641,1180,1508,260,1200,1856,1860,1238,598,1534,422
maravillosas	1	768
maravilloso	1	843
marca	2	426,645
marcan	1	1931
marcha	1	1642
marchaba	2	1468,1127
marchaban	1	1594
marcharme	1	1511
marchas	1	500
marchitas	2	125
marchó	1	1508
mareos	1	1811
mares	1	1283
marido	7	244,1641,1678,1687,1250,1766,875
maridos	1	177
mariposa	1	968
marismas	1	1508
marqués	1	1555
marsella	1	1556
maría	9	1361,623,1414,946,1368,1332,17,124,1193
mas	3	1275,707,1496
masa	2	1339,579
masas	1	905
masson	1	1093
mastico	1	421
mata	4	1713,1940,1764,254
mataban	1	1546
matado	3	456,1454,593
matamos	2	1015,529
matan	1	882
matar	11	831,152,1562,115,608,1770,1454,499,427,1014,999
mataran	1	640
mataremos	1	336
matarla	2	1404,1956
matarlo	2	1445,1062
matarme	1	1039
mataron	1	1202
matarte	1	961
mataré	3	608,1765,186
mataste	1	1160
maten	1	201
materno	1	1542
matorrales	1	405
matricularse	1	391
matrimonio	6	1639,1181,1004,1871,515,1251
maté	1	730
maurice	12	1333,1375,1978,1920,1310,1820,223,1784,745,30,1286,793
maximiliano	1	1440
mayo	1	147
mayor	15	680,223,122,784,269,797,1013,1194,1511,1842,1347,1263,1008,1976,886
mayoría	5	518,569,47,826,1652
mañana	11	197,152,453,894,485,232,1228,1059,434,926
mañanas	2	1639,584
me	348	1242,1803,1678,1476,1489,1284,1389,1551,692,404,759,1453,376,1006,1748,1434,1472,1064,717,454,347,655,1111,1511,1540,57,808,935,1179,10,997,1705,918,1034,1226,1709,1059,1711,310,928,1939,99,1799,1566,1820,943,40,508,983,22,1466,470,830,1363,473,60,28,483,676,1806,1900,1696,100,170,1550,401,1148,1554,480,27,924,1447,84,352,1695,489,1023,1956,42,255,91,520,103,1785,1416,1955,647,1613,988,1771,290,127,906,1822,1958,1001,260,365,751,635,1777,770,1561,1868,1468,1492,1913,1086,146,329,1163,1166,1642,1804,1624,1684,1149,1345,911,1450,1941,901,262,1409,742,972,1255,1882,291,608,1549,399,940,1090,1846,845,1332,1270,1732,1633,8,1335,220,437,478,1839,1289,1368,609,1823,1127,1677,584,1719,317,334,421,569,1022,1063,1337,1768,1112,1216,1432,1909,118,1280,63,1588,1708,1051,33,1222,1292,1348,1640,1319,1944,1758,1080,1825,853,1183,816,339,106,1424,1572,1655,1862,1622,1874,1902,784,820,17,683,1245,516,1121,1308,45,1041,1903,1281,1340,787,1045,463,728,1070,1480,1658,1497,1053,78,665,1365,1484,827,938,447,1840,1522,15,1762,1673,543,1135,1650,1385,62,464,44,109,658,695,757,627,851,1387,1461,1664,1813,1481,873,320,1977,429,1788,1455,1123,168,663,266,517,1025,1113,1615,321,753,1870,201,846,1856,1934,652,203,205,228,331,1474,1811,1193
mecánica	1	1546
media	1	418
medianoche	1	1306
mediante	2	1756,1856
medicina	1	541
medio	12	1370,975,1431,357,1018,182,1728,1777,1339,1341,1051,928
mediocre	1	1027
mediocres	1	1052
mediodía	1	1581
medios	2	202,126
medir	1	1623
meditabundo	1	1341
mejilla	2	1576,1711
mejillas	5	548,506,162,158,716
mejor	25	741,1847,861,1106,29,1524,1484,1323,902,423,1101,1387,928,1953,624,1693,1080,523,313,465,1137,1291,880,250
mejoran	1	674
mejores	5	1197,763,1525,674,1397
melancolía	8	1253,445,1482,296,1224,174,160,60
melancolías	1	1351
memoria	7	317,1637,1446,1417,519,617,1234
menester	2	1264,442
menguado	1	955
menor	5	743,684,1804,335
menores	1	1436
menos	23	504,1298,1847,982,256,618,249,137,751,57,294,851,1711,113,863,1804,439,1183,1874,1843,970,398,1313
menosprecia	1	1295
mental	1	337
mente	4	1842,758,1242,1885
mentes	1	1058
mentira	1	1722
mentiras	1	134
mentiroso	2	1921
menuda	1	757
menudo	6	636,708,16,575,318,1607
menudos	1	896
mercader	1	1047
mercado	1	417
merced	1	427
mercedes	5	467,620,1659,26,618
merece	2	262,108
merecen	1	662
merecer	2	797,320
merecido	1	1577
merezca	1	108
merezco	1	516
merienda	1	1616
mero	1	1185
mes	1	147
mesa	6	1112,955,990,210,481,555
meses	5	1045,1221,786,27,1013
metido	1	1170
mexicano	1	1991
mezcla	1	1072
mezclaba	1	352
mezclaban	1	1880
mezclada	1	1899
mezcladas	1	1490
mezclado	1	490
mezclan	1	737
mezquina	1	430
mi	179	1242,1803,1678,1489,1932,1757,1389,351,1748,403,717,299,454,1815,1078,1540,431,1925,1637,1566,1431,271,566,1031,191,772,1831,170,806,1550,295,1616,1148,27,1393,1884,1445,798,405,255,520,1785,1020,1372,933,988,919,1667,1117,1958,740,396,87,635,1195,1777,414,1428,611,1492,146,1621,420,304,484,1076,1345,1686,1500,1085,1941,901,35,1846,1090,1395,1028,1930,1548,651,210,1823,274,1723,764,1299,1110,877,217,610,33,1640,1814,1880,382,746,31,853,1183,1874,106,1655,1931,1973,1622,1423,784,1858,750,1774,72,578,1903,1121,1041,1791,1317,1070,1658,1850,1586,154,1950,240,711,991,112,807,264,627,89,197,873,320,1643,186,1885,101,1455,168,916,433,811,1206,652,1721,203,1349,954,614,1746,1702
mide	1	1895
miedo	169	131,701,819,498,1242,560,93,803,689,1105,1526,1303,773,810,56,362,1227,57,754,471,1688,1899,1139,40,1157,967,1343,22,1942,1005,28,483,254,486,1599,1835,1696,1961,1210,1832,1933,1393,409,1095,1451,1437,988,1396,1207,1407,193,1959,650,419,562,1325,635,774,350,1473,1663,1894,462,865,1985,870,901,932,1395,1028,1301,397,931,1401,1479,1261,1839,243,407,1454,597,107,1697,1360,1337,1890,944,826,24,977,1670,871,1807,1307,1992,1185,83,106,1572,1353,1802,1291,832,1728,675,697,1893,253,250,1968,493,235,1053,1443,1365,917,1915,289,905,1743,1650,1707,1653,490,758,1634,628,314,829,862,1535,752,1123,1736,482,2,189,723,1796,1496,661,331,1980,1188,1011,881
miedos	3	107,1894,688
miedosos	1	783
miel	2	678,1392
miembros	3	1978,1804,482
mientras	30	1852,322,155,1738,1563,1233,1976,1323,196,1398,204,1385,1949,1799,1749,1201,1874,1607,1546,1024,1912,1119,1849,1616,1908,27,1256,1049,5,1567
miguel	2	1562,725
mil	7	167,1112,1079,564
miles	1	908
militar	2	466,743
millones	4	1503,1809,1079
mima	1	262
ministerio	1	1100
minuto	2	1526,1601
minutos	1	1826
mira	4	289,638,1643,1503
miraba	9	1508,1114,673,721,1440,1555,1605,1822,1193
miraban	2	1330
mirada	21	55,1220,620,1233,49,807,1354,309,997,341,1662,830,1565,1615,538,68,1119,652,1164
miradas	3	1857,1905,1513
mirado	2	1615,477
miramos	1	1610
miran	1	343
mirando	4	563,1390,1505,1506
mirar	7	1931,371,1545,1346,1708,1683,1344
mirarla	2	1212,1787
mirarme	2	99,1471
mirarían	1	49
miras	1	1924
mire	2	213,1879
miro	1	1970
mirándome	1	454
miré	4	1082,1593,1332,1149
miró	3	224,1978,787
mis	61	405,326,1930,512,651,1839,1669,1757,1382,404,1667,1033,442,1392,1112,1540,215,44,1617,1777,414,95,1925,1374,1939,320,993,1749,1201,485,1814,1944,1804,1061,853,1149,158,1490,1025,1874,1931,1085,901,1408,511,1035,1858,1554,750,1238,1349,1393,17,1724,413,1625
miserable	2	976,792
miseria	6	269,596,875,1050,1422
miserias	2	870,1054
misericordia	2	248,1633
misericordiosa	1	1232
misma	20	1776,239,1697,1328,1958,109,1287,532,1320,1986,247,800,1572,1239,1600,1448,1215,453,1047
mismas	3	1652,435,950
mismo	42	1318,397,1690,1552,274,887,1159,1359,389,737,688,786,1532,1780,633,627,1465,63,628,829,943,1942,349,625,564,83,51,97,395,446,181,554,1541,1214,7,27,1212,1395,949,1213
mismos	9	320,837,1362,435,998,1443,715,1322
mismísimos	1	1805
misterio	5	733,259,1854,1247
misterios	1	1267
misteriosas	1	1612
misterioso	3	1861,682,903
mistress	2	9,571
mitad	10	171,1479,1399,1951,974,1121,1420
mitia	1	55
modales	1	1384
moderados	1	1802
modernos	1	25
modo	7	811,1353,333,1948,325,1471,617
modos	1	442
mojadas	1	576
mojados	2	1258,1851
mojó	1	1590
molestaba	1	42
molinero	2	1153,1999
momento	25	1340,463,1105,1771,15,144,1645,796,1777,1044,427,156,1029,1287,605,438,1254,719,1423,257,1192,1858,804,17,1313
momentos	7	639,116,1561,1121,281,151,1896
mondoñedo	1	724
moneda	1	1958
monstruo	2	724,288
monstruos	2	436,782
monstruosidades	1	771
montaña	1	405
montañas	1	20
montonales	1	1035
montones	1	1184
montés	1	199
montó	2	1093,676
morados	1	1431
morderlo	1	1925
mordieran	2	512,1617
mordiéndose	1	199
mordió	1	234
moreno	1	454
moribundo	1	864
morimos	3	1145,1946,1918
morir	29	292,1298,691,1834,1756,180,867,218,193,717,1959,1055,62,951,928,1171,1918,624,1391,956,1626,549,257,331,1215,1844,1301
morirme	1	1092
morirnos	1	656
morirse	2	1190,1949
morirá	1	1549
morirás	1	1115
moriré	2	292,1201
morosa	1	586
mortaja	2	1849,938
mortal	8	1472,1923,1162,923,1579,312,525,1996
mortales	2	1184,536
mostraban	1	1330
mostrando	1	1544
mostrar	1	1294
mostrarte	1	1527
mostrándonos	1	540
motivadoras	1	56
motivo	5	872,1211,1990,479,1465
motivos	2	1920,801
motriz	1	1674
moverme	2	1023,1113
moverse	1	1207
movimiento	3	416,1566
movimientos	1	1749
movió	1	244
mucha	2	417,1556
muchacha	3	1659,1392
muchacho	1	606
muchas	10	1775,363,1536,695,1684,469,1731,43,1033,1130
muchedumbre	1	167
mucho	36	726,1857,1497,823,609,1905,1006,902,1054,1955,1956,1798,1731,619,844,1606,1977,1814,961,1082,564,686,1021,1546,123,1530,721,731,585,228,417,1689,1377,151,1301
muchos	4	1290,701,723,1183
muda	1	1697
mudo	1	719
muebles	1	1480
muecas	2	785
muelle	1	975
muelles	2	1497,1006
muera	1	1793
muere	5	1912,1141,58,1156,89
mueren	5	1691,689,1642,1927
mueres	1	58
muero	1	89
muerta	9	1217,1704,1755,1905,854,1775,1357,867,764
muerte	101	131,498,1158,1527,1403,1048,927,1009,1438,1434,872,1631,1956,544,1939,1139,1431,607,22,791,1599,1550,1787,1964,415,1309,405,1759,698,616,1591,567,842,193,1946,1460,530,2000,611,1753,1247,1097,537,1663,122,1829,1232,462,870,1618,426,1215,1507,1930,514,1929,1687,1690,1173,556,1299,694,953,1191,826,216,1292,915,532,1666,227,339,487,969,586,1592,1635,250,493,157,12,1752,801,337,81,423,1859,89,1506,70,1243,1994,366,1188,833,1234
muertes	1	1506
muerto	34	1115,921,1562,1793,255,1486,268,725,317,1762,1385,1081,1859,1960,1235,5,1944,1262,466,1646,1988,373,864,1137,1276,652,228,845,1118,1215,145,333,250
muertos	14	773,502,782,206,921,423,1834,689,1531,1636,1698,145,1295,764
muestras	1	43
muestre	1	1067
muevan	1	1360
muevo	1	399
mujer	53	136,280,460,1399,823,1552,812,1623,1947,1202,662,717,1054,1266,1223,1081,294,1675,790,1871,705,928,1422,1091,18,1641,1321,187,607,706,1758,571,1257,1039,1706,1766,130,41,994,1424,1862,313,780,363,1259,1784,1167,1260,110,1049,1750
mujercita	1	1195
mujercitas	1	1176
mujeres	21	1533,386,592,230,1557,1248,540,653,454,1731,187,1208,1758,1825,852,1914,1718,714,1681,43,352
mulas	1	1630
multiforme	1	1272
multiplicado	1	1772
multitud	1	962
mundo	68	172,157,235,1261,1547,1848,769,1591,1372,550,789,618,974,670,1958,1397,1323,810,200,1645,1582,1869,562,1955,770,1376,929,1731,1836,89,38,886,1027,1086,1685,537,455,712,1463,1641,1693,171,104,551,607,188,1998,948,1002,1806,1602,1808,1290,1626,1775,1525,291,1616,1204,1090,1153,39,675,1553
muriendo	1	976
murieron	1	45
murió	10	726,206,785,1849,271,27,1268,578,627,1973
murmullo	1	1534
murmullos	1	627
murmuraba	2	1823,966
murmurando	1	1195
murmuró	2	474,1439
musicales	1	1871
mutismo	1	1283
mutuo	1	759
muy	59	1695,776,126,1928,1440,1327,739,116,318,1268,393,1284,1382,1863,666,376,704,1958,1969,1392,196,1064,1945,1532,1767,1376,46,1468,132,344,779,895,1978,1999,466,1879,1941,558,1808,1626,1882,990,1192,1326,1153,417,1975,124,761,1441,1866,333,1778,744
muñeca	1	955
máquina	1	1770
más	270	1452,884,1032,591,1971,1040,1644,1940,785,1174,1526,351,80,137,773,810,738,717,362,1824,1223,655,1435,748,141,1780,1810,501,1330,392,943,765,607,380,1555,566,58,202,191,1806,483,994,254,1530,908,170,1229,1616,98,1770,1773,94,1515,1309,242,1759,1224,756,1372,802,988,1676,1667,662,1861,396,653,1620,1979,1701,1521,302,32,414,579,1014,350,771,1818,1953,1247,1606,1176,582,577,104,722,572,961,747,1232,1985,1016,258,1450,1151,1941,1217,270,461,1090,845,861,1335,25,375,397,682,931,1494,1930,135,430,1066,1440,243,116,1730,815,1294,1173,1248,107,1987,356,831,1719,1768,82,200,1191,857,488,293,907,164,934,1962,38,33,886,238,1168,1222,1923,532,1665,178,1666,942,1573,1583,817,83,1516,523,1513,1980,267,1916,236,119,494,1845,1131,1313,1592,282,824,1281,1480,222,1418,235,1198,75,1456,240,495,1581,1263,1593,1249,192,766,905,1673,543,1924,843,527,1536,545,241,671,109,1731,992,758,628,1608,712,1386,284,727,101,965,482,1052,1125,1021,1322,913,321,811,970,1740,568,1626,1498,1796,554,859,1681,1369,1842,1737,71,333
mátalo	1	1047
máximas	1	270
máximo	2	138,1792
médicos	1	1397
médula	1	28
méritos	1	712
méxico	1	1202
mí	50	437,1480,103,327,407,1613,612,374,1207,1438,1762,449,200,595,112,673,1216,751,325,57,693,808,10,934,1101,1468,611,132,310,411,1492,1746,1319,186,1885,943,1335,1942,911,976,1655,1457,846,1366,228,17,1559,1395,798
mía	10	196,1319,1970,333,1035,1103,17,1427,261,798
mínimo	2	1835,543
mío	11	474,489,1799,600,1319,1163,1586,1411,911,875,1427
míos	1	1409
músculos	1	1908
música	3	1259,1795,60
músico	1	1692
nace	10	68,1827,1515,159,1855,1106,1334,1131,1125,173
nacen	3	1927,1845,147
nacer	2	1140,27
nacido	2	695,1647
nacidos	1	415
nacieron	1	45
nacimiento	3	611,372,903
nacional	1	100
nació	2	949
nací	2	347,342
nada	62	1638,1197,242,591,1261,1737,805,947,1636,88,670,1282,1444,1323,334,1946,1180,763,527,650,81,435,1435,118,1645,826,293,294,957,1330,574,1972,613,217,1871,1384,848,1641,1892,58,1052,51,1897,734,1285,486,400,1373,1796,475,629,465,659,1616,1496,940,1742,450,1245,709,1537
nadaba	1	1201
nadie	17	841,645,539,225,809,1677,1714,651,1214,1204,1894,1962,1334,1774,1534,1125,333
nadó	1	890
naipes	1	1975
narices	1	950
natural	2	911,471
naturales	1	1770
naturaleza	9	1001,1418,989,706,1690,1256,544,1341,710
naturalidad	1	147
navíos	1	203
nazca	1	1106
necesariamente	1	1426
necesario	5	822,153,50,1111,1427
necesidad	4	831,1324,679,1047
necesita	3	841,1878,1305
necesitamos	2	706,1798
necesitan	1	1309
necesitara	1	1171
necesito	4	942,632,144,1901
necios	1	1084
negadores	1	1336
negligencia	1	987
negociación	1	164
negociar	1	1807
negociemos	1	1807
negras	1	1169
negro	6	1609,1860,1975,158,555,764
negros	4	1184,1804,414,1983
nervios	3	215,1804,413
neurosis	1	1126
nexo	1	989
ni	68	1580,1023,498,560,677,805,1772,609,684,1438,356,764,1529,743,1180,664,81,1860,914,767,1727,1079,1664,451,312,1492,1288,18,115,645,582,104,26,188,379,1555,1630,686,994,79,1809,97,864,549,1858,1471,417,1245,516,957
nicolaievna	2	328,1007
niebla	1	973
niego	1	1226
nieve	4	205,1404,930,1960
ninguna	17	1740,97,18,1660,1729,1950,108,589,1369,490,43,404,5,1602,599,1899
ningún	10	400,1641,577,1923,1948,57,796,337,1625
nivel	1	349
niña	3	563,41,1973
niñito	1	1723
niño	11	1442,1114,1494,1575,1208,685,588,127,1147,725
niños	8	768,1473,1054,909,1536,1486,1928,1541
nn	1	1988
no	655	498,803,1757,1056,1303,1323,1645,347,748,1540,749,1956,1675,918,544,358,1139,1201,1463,852,191,1865,1632,708,1256,1124,1309,883,1676,618,408,640,193,152,1959,1195,1610,599,1314,1691,1007,1473,134,438,48,1531,1237,892,780,524,959,821,1126,1215,1577,656,25,1115,514,1289,116,831,334,841,826,907,1079,427,775,1792,886,1129,1319,1666,639,31,378,565,97,1094,1457,1916,1878,1656,417,503,1118,1893,253,1304,222,126,1881,1950,78,495,882,984,527,1015,323,1582,1729,264,314,829,854,1113,177,1361,606,1119,201,846,1276,1742,859,1595,1638,921,1242,560,1399,1772,108,1282,80,96,1100,655,997,1488,312,1996,1211,645,848,1264,22,499,830,686,247,676,1599,1408,1716,1787,1447,1775,580,698,1074,647,1591,1756,540,666,662,1995,1838,1990,179,1081,32,1252,1726,579,781,1273,771,1305,1477,1953,1246,104,1986,1347,1624,1578,1016,1251,1409,1297,742,111,50,1205,1255,940,1732,557,1301,437,1504,813,280,172,1895,805,609,660,664,1398,319,1597,74,216,1534,1962,531,1057,1292,1421,1871,1384,1825,1646,1897,1037,1128,1373,1622,1912,683,1045,1760,691,1819,1720,142,665,1636,285,447,985,991,807,81,1653,1859,529,1485,1664,1949,89,451,4,1073,429,188,876,1125,433,1615,1740,321,549,1241,1336,5,145,1150,899,777,128,759,404,1346,541,1438,403,603,1442,1860,1402,57,935,10,1330,964,1899,99,943,1157,1993,1343,1917,566,630,486,1900,1696,1781,1049,573,1857,242,1161,1613,1233,1869,1727,1475,790,874,1352,505,1086,198,768,582,898,733,1203,1500,1941,79,125,864,1614,398,461,845,1332,587,124,1004,1887,822,1793,1464,1315,651,1261,1937,677,974,597,1248,1697,764,1719,317,694,953,1022,1529,542,1909,1948,1951,1972,1828,1358,1051,1867,1944,178,948,858,1146,1583,564,1797,1424,165,1353,252,465,659,1858,1851,1308,1219,136,463,728,129,1679,1456,947,372,1915,144,737,112,1135,1650,435,62,855,605,1430,440,1647,1786,946,625,226,1322,400,1927,1796,1496,709,1737,1011,1844,131,326,1678,120,591,1928,1439,792,88,281,684,810,1132,1898,471,336,1688,1641,706,379,1555,1988,58,194,51,1565,60,1005,809,721,98,401,1933,726,641,1023,497,1154,670,442,449,1001,396,1089,763,1180,175,1734,161,341,1543,115,986,1654,643,722,1391,1642,1087,1999,1232,184,258,130,870,901,262,1186,608,1214,1204,450,1028,1533,1812,1197,1776,269,1228,1300,1563,1905,356,995,1768,303,1337,118,1010,877,1165,1060,411,121,1892,349,817,589,1602,1604,267,558,475,494,1131,282,1562,1660,240,308,982,1901,1522,543,1974,1266,989,241,464,889,490,1634,1603,782,1386,1535,101,272,1123,1736,1052,1098,1626,1657,954,1980,119
noble	1	192
noche	27	405,103,322,1396,1102,711,1853,1325,877,770,904,1475,628,898,1067,355,410,509,1232,817,994,1355,9,1975,1728
noches	7	189,1639,1892,1651,1053,109
nocturna	1	456
nombre	11	25,966,455,1401,347,1784,1332,1988,1823,1874
nombres	2	784,361
nomás	1	1412
normal	3	416,93,486
normas	1	429
norte	1	431
nos	61	1935,277,847,947,1940,792,249,1093,540,1560,766,212,1924,394,92,1015,1838,1227,1898,2000,1171,505,4,1688,623,768,1749,837,1221,1412,706,572,333,765,1986,168,266,1668,202,672,1874,994,1764,354,1210,1116,1656,1661,657,124,1193,71,377,1371,1311
nosotros	21	921,1452,1596,1443,715,219,1362,1227,1528,1725,1792,505,117,837,1668,1984,83,1322,487,1210,333
nostalgia	1	443
nota	2	1303,1860
notaba	1	1724
noticia	1	1806
noticias	2	1767,1722
noté	1	877
notó	1	1123
novedad	1	1082
novela	1	187
novia	2	950,1803
novios	1	448
nube	2	664,1992
nubes	1	1235
nudo	1	1998
nuestra	23	760,452,789,1771,1940,1924,1824,754,1528,1828,768,440,380,875,1322,278,708,1612,557,1567,1371
nuestras	13	1596,1898,380,677,1528,1741,1905,1121,1477,1322
nuestro	15	810,25,1592,1693,1824,380,39,789,1798,1610,1612,38,377,472
nuestros	15	25,682,476,362,126,1327,457,1917,1741,1774,1052,1322,1688
nueva	6	1083,207,782,460,1464,1149
nuevamente	1	1193
nueve	2	374
nuevo	12	901,1673,394,475,786,1262,93,1324,205,1149,473,1778
nunca	66	1660,1584,520,1785,1839,1439,1834,1928,162,1364,1720,285,597,1248,1677,1117,1240,737,1620,1645,1974,674,748,302,1402,1537,1252,529,648,164,2000,1273,1664,771,1477,233,1379,1007,537,121,986,582,898,1038,626,762,1262,1203,1566,1647,1837,271,168,1578,876,1558,1520,1036,67,846,1742,1656,1126,1131,617
náuseas	1	1189
número	1	1263
o	55	504,206,728,1895,155,550,1140,1719,144,664,1081,593,1330,490,1014,336,1051,1222,628,1871,1899,895,1566,1749,1319,485,134,1986,1087,1404,1334,1329,625,209,339,60,1795,1599,1835,1920,1991,278,183,1802,1849,1276,401,503,335,1004
obedece	1	1446
obedecer	1	1011
objeto	1	949
objetos	1	1480
obligada	1	911
obligado	2	168,561
obligar	1	747
obligarme	1	584
obligatoriamente	1	863
obligue	1	1319
obligó	1	1554
obra	2	923,585
obras	1	1692
obscurecen	1	1854
observaciones	1	1563
observando	1	402
observar	2	1194,30
observó	2	25,384
obsesiono	1	663
obsesivos	1	435
obstinados	1	122
obstáculo	1	353
obtener	1	1570
obtenida	2	1459,923
obtiene	1	1570
obvia	1	1352
ocasionaron	1	1220
ocasiones	1	356
ocasión	4	1355,297,728,30
ocho	2	1184,724
ociosa	1	734
octubre	1	1136
oculta	2	718,638
ocultaba	1	1342
ocultar	3	1545,839,1941
ocultarla	1	1308
ocultase	1	103
oculte	1	962
ocupaciones	1	481
ocupada	2	734,1024
ocupar	2	839,1634
ocuparse	1	256
ocurre	1	1310
ocurren	1	858
ocurrido	2	808,97
ocurrir	2	858,1481
ocurrió	1	1541
ocurríame	1	299
odia	4	1211,1090,683,935
odiaba	12	1719,809,1665,382,936,1110,1324,1864,850,1766,606
odiaban	1	124
odiado	1	1828
odiamos	5	1410,1725,575,377
odian	2	123,613
odiando	1	1334
odiar	9	165,1022,1435,799,1689,1411,1677,1634
odiarlo	1	1355
odiarme	1	1990
odiarnos	1	985
odiaros	2	425
odiarte	1	288
odie	2	78,1218
odien	1	1052
odio	207	55,620,93,386,899,1162,550,1601,1940,239,759,684,1965,773,1824,1952,1780,1817,288,997,20,544,850,1899,1739,1996,1211,521,1936,943,14,273,1218,1917,630,1565,1607,384,1764,1865,1283,1703,1230,467,1716,214,897,1770,335,1826,1830,949,377,352,1541,1220,1627,1700,37,1003,647,1676,1233,1667,1701,1648,87,419,893,923,1561,1868,599,1794,1606,1007,1662,484,1084,747,73,911,130,1500,328,262,1083,1997,780,111,649,1816,1864,450,110,1514,1042,1464,1687,1651,677,592,1454,1248,245,704,1022,212,303,743,1359,1112,1216,1354,1187,1324,907,164,427,1465,1051,1130,238,915,171,1209,1082,942,853,1183,564,999,734,950,1177,1862,165,97,956,1239,1878,675,72,1293,1245,1893,553,1304,1342,1926,1720,707,801,1593,1947,1249,289,673,807,545,1983,52,464,695,490,855,1786,570,1967,410,482,625,1052,1021,221,1615,343,68,538,913,278,703,1842,1072,1336,903,849,833,1746
odios	13	59,601,1184,122,1845,1898,823,866,1581,383,557,1322
odiosa	2	1121,1372
odioso	11	1045,1285,605,1587,608,291,816,1148,799,574,127
odiosos	1	1588
odiéis	1	1051
ofenden	1	1381
ofensa	1	1338
oficiales	1	1283
oficina	2	1497,1006
ofrecer	1	1141
ofrecido	1	1007
oh	9	1662,943,1547,1257,464,999,374,312
oiga	1	429
oigo	1	312
oir	1	982
ojalá	1	1201
ojo	4	1584,1506,743,1213
ojos	51	594,55,1298,1158,1399,1440,1306,692,812,1019,1823,1367,1249,1673,1089,1064,49,1354,685,1983,44,904,1273,1096,1683,1794,320,548,871,1970,1642,272,1555,1531,1025,388,901,1409,723,1423,357,1259,1882,721,897,1554,27,1212,1193,1412
ola	1	658
olas	1	17
olor	2	422,945
olvida	3	1380,762,479
olvidaba	1	809
olvidadas	1	1456
olvidado	2	504,1667
olvidan	1	1173
olvidar	2	849,846
olvidaré	3	1273,1240,1656
olvides	1	762
olvido	4	265,168,458,514
olvidé	1	665
olvidó	2	645,1054
ombligos	1	1970
ondas	1	1573
opaco	1	669
opiniones	1	367
opinión	2	565,1965
oponente	1	212
oportunidades	1	874
opresión	1	814
opresores	1	1378
oprime	2	677,1371
oprimidos	2	512,1617
oprimía	1	44
optimismo	3	1443,433,1832
optimista	1	129
opuesto	1	923
oradores	1	188
orden	2	335,105
ordenada	1	510
ordenado	1	1338
ordenar	1	1283
ordinariez	1	1384
ordinario	1	1742
orgiástico	1	482
orgullo	3	1772,101,1072
orgulloso	1	101
orgullosos	2	1908,998
oriente	1	661
origen	3	784,1334,903
original	1	1474
orilla	1	484
orillas	1	1803
oro	3	590,548,1047
oruga	1	880
os	7	1111,876,1874,41,1996
osa	1	1057
oscura	2	1475,1749
oscuras	1	1906
oscureciendo	1	604
oscureció	1	804
oscuridad	9	189,1359,1599,299,750,109,22,609,1567
oscuro	1	1464
oscuros	1	782
otorgarme	1	439
otorgue	1	646
otoño	1	417
otra	25	1695,974,1722,1453,1750,207,909,1485,522,775,1913,702,1171,1640,1029,768,1319,946,1334,565,1373,313,1288,1309,220
otras	9	1670,1649,747,462,566,903,1412,1506
otro	22	1284,988,356,717,737,1699,1582,325,808,1195,1171,1506,814,706,1218,1265,876,950,1353,97,1471
otros	17	79,1434,456,175,818,64,796,845,142,481,218,564,985,1625,1947,147,704
oveja	1	671
oye	1	724
oyendo	1	169
oyentes	1	784
oyeron	1	804
oyó	1	930
oía	1	208
oído	3	969,1762,1308
oídos	2	1024,993
oír	3	1595,772,1828
oírla	1	1732
oírme	1	1664
oírte	2	1760,190
paciente	3	1649,389,830
pacientemente	1	1504
pacífico	1	85
padece	1	939
padecer	1	939
padecido	1	1126
padeció	1	1056
padezca	1	364
padre	14	232,255,1506,1173,382,1090,298,578,627,801,686,373,1234
padres	4	274,1957,987,1487
pagaba	1	1958
paja	3	1643,1851,1414
palabra	10	1935,1622,1870,631,26,308,1828,344
palabras	12	317,244,1340,1197,763,134,188,30,1257,1709,1922,110
palabrotas	1	1665
paladar	1	421
palancas	1	1360
palideció	1	305
palidez	3	1194,1440,507
paliza	1	924
palma	1	1002
palmadita	1	1711
palmas	2	1419,1941
palpitaba	1	938
palpitante	1	1810
pan	3	1309,1141,1982
pane	1	1345
panorama	1	1369
pantalla	1	1601
pantalones	1	1414
papel	1	1505
papá	1	154
para	177	1452,1144,1106,180,219,1244,1438,1435,371,1078,1780,935,443,1711,574,1925,1171,1918,645,1982,706,1218,799,852,202,60,211,1005,1599,1493,257,1148,1309,422,460,1451,1700,1759,103,1372,988,492,666,152,653,1990,751,1252,874,1503,1913,1818,1086,1543,300,768,898,1654,1804,1087,1076,1232,896,870,262,459,1366,39,890,1065,1318,680,69,823,374,1248,556,764,200,1587,1187,998,3,216,934,1417,353,1871,1168,1640,364,532,1307,1755,1183,1630,565,1897,1862,1513,165,1457,1991,1302,1099,357,465,494,784,962,714,1137,1975,503,1062,1288,516,957,1058,1313,1791,1304,1574,167,936,154,1834,1886,1922,142,1636,985,595,688,294,796,1376,839,929,1731,1169,855,1096,1374,320,699,782,1518,1693,1243,863,632,1994,68,554,203,1842,1545,614,602
paraliza	2	758,657
paralizados	1	1896
paralizarla	1	630
parar	1	491
pararía	1	1481
paraíso	4	170,127,195,1599
parcial	2	1068,1462
parece	12	1564,1022,1083,1622,1290,987,1662,118,1904,948,499,1235
parecen	1	1045
parecer	2	119,1233
pareció	6	463,520,1998,1149,1468,352
parecía	11	1673,1423,463,402,1609,441,1715,1732,8,220,358
parecían	4	779,543,1732,1775
pared	2	421,1168
paredes	2	1419,1480
pareja	1	1131
paris	1	1511
parte	17	1373,1660,1695,1423,1152,1319,1602,1659,1759,1785,264,1951,526,404,5,1567,233
partes	7	740,1398,1444,237,1035,1458,472
particular	1	1211
particulares	1	557
partidarios	1	30
partido	2	482,1665
partieron	1	1630
partía	1	954
partían	1	1969
parís	2	1964,1245
pasa	6	502,488,1010,1876,128,1465
pasaba	2	453,206
pasada	2	271,1757
pasado	9	197,125,485,112,1437,574,1382,247,1744
pasajero	1	1855
pasajeros	2	768,1462
pasamos	2	123,209
pasan	4	1509,1580
pasando	2	415,360
pasar	2	1357,1195
pasatiempo	1	1248
paseado	1	1116
paseando	1	740
paseante	1	638
pasearnos	1	1221
paseo	2	718,1903
pasiones	8	1380,903,1827,1528,1581,1310,758,444
pasivo	1	1967
pasión	5	895,780,1561,217,130
paso	4	1215,655,332,406
pasos	3	1705,44,914
pastor	1	671
pasé	1	334
pasó	2	106,1948
patada	1	155
patio	1	1951
pato	1	641
patria	5	699,677,599,274,919
patrimonio	2	1398,1173
patriota	1	30
patriotas	1	704
patriotismo	1	1583
patán	1	1745
paulina	1	1112
pausa	1	1490
pav1ovna	1	1285
pavimento	1	975
pavlovna	2	1287,543
pavor	1	1240
pavorosamente	1	325
paz	9	782,908,96,1700,1642,1653,1232,1012,868
país	3	123,1148
países	1	699
paño	1	244
pañuelo	1	1803
pebeteros	1	1557
pecado	3	1567,748,1098
pecadorarrepentido	1	748
peces	1	1749
pecho	9	1912,13,1701,1277,1078,1925,176,875,1963
pechos	2	416,1089
pecuniarios	1	1944
pedacito	1	233
pedazo	2	233,429
pedazos	3	1753,789,1055
pedir	2	1081,429
pedro	2	1623,1075
pedían	1	949
pegaba	1	883
pegado	1	883
pegarme	1	584
pegó	1	1575
peinada	1	442
pelado	1	984
pelearos	1	876
pelearse	1	79
peligro	11	1633,69,1842,836,1101,1708,917,339,628
peligrosa	1	1058
peligrosas	2	905,962
peligroso	2	379,1573
peligrosos	1	828
pellizcadle	1	1821
pelo	6	1749,1184,893,1754,158
película	1	1788
pena	18	222,49,315,1699,1390,1037,1869,914,1825,622,578,176,173,1490,312,964,1685
penas	3	1741,595,1425
penetra	1	28
penetraba	1	1253
penetrado	2	1667,1960
penetrar	1	264
penosa	1	428
penoso	2	1587,771
pensaba	5	946,1605,745,793
pensado	1	241
pensamiento	8	165,1423,959,1274,301,1185,1956,1697
pensamientos	3	1814,1242,1322
pensamos	1	1443
pensando	3	555,1399,1317
pensar	16	1057,338,1220,837,1362,1076,808,777,1256,349,850,71,1746
pensarlas	1	77
pensé	9	348,1038,125,1969,717,1192,1785,1757,1677
pensó	1	1464
penurias	1	1054
peor	9	977,1379,1835,1098,1261,271,275,1921,951
peores	1	476
pequena	1	955
pequeña	3	600,264
pequeñas	5	600,1779,66,858,483
pequeño	10	913,1353,600,1449,1451,1479,1153,219,1723
pequeños	1	1732
percibo	1	110
perder	8	267,1543,975,987,1390,72,1008
perderian	1	1020
perderla	2	765,1496
perderlo	1	243
perderse	1	325
perdería	2	308,569
perderían	1	1741
perdida	1	1636
perdidamente	1	1257
perdido	4	268,1543,394,601
perdió	2	1356,320
perdona	3	2000,191,1561
perdonado	1	1070
perdonan	1	1718
perdonar	1	126
perdonarle	2	1647,1550
perdonarse	1	395
perdone	1	98
perdono	4	1022,81
perduraría	1	1893
perdón	1	265
perdóneme	1	1372
perfección	1	597
perfecta	3	738,1131,786
perfectamente	3	1724,1447,411
perfecto	3	1169,1418,356
perforante	1	1601
perfume	2	1540,737
periodistas	1	779
perjudicial	1	1376
permanece	1	588
permanecemos	1	1798
permanecerá	1	1637
permanecieran	1	1423
permanecieron	2	719,1905
permite	1	734
permitido	1	1622
permitirse	1	1435
permitía	1	899
pero	173	1678,93,1928,899,1940,792,80,347,1659,598,1956,1330,1675,1957,312,336,6,1899,1996,1211,1566,943,1619,26,508,581,799,1555,791,194,830,1520,809,170,295,1210,480,924,1260,1775,1107,1184,1759,1074,1676,1613,290,127,492,540,408,193,412,1089,650,179,1869,1081,790,341,781,1305,1122,1896,1007,1543,1714,329,643,1232,1531,1578,1016,130,328,1409,780,1255,1366,940,821,437,1380,1812,813,1776,1440,1730,1454,1987,1768,334,569,998,3,877,1972,1962,1147,1051,33,1871,238,263,895,1319,1807,1892,349,817,1862,1513,1519,1604,97,828,1414,90,990,1784,417,979,1728,1062,1288,1592,253,234,282,463,1658,840,958,78,1382,827,938,1636,1947,1853,985,882,737,688,1015,1536,674,1680,1859,294,695,1376,490,929,1411,992,261,314,429,1535,863,410,946,482,854,937,1113,879,1657,1876,173,1844
perpetua	1	1275
perra	1	685
perro	4	343,240,1281,1207
perros	3	240,864,484
persecuciones	1	1898
persecución	1	456
persiguiera	1	1673
persiguiéndole	1	1860
persistente	1	55
persona	18	1740,165,207,338,1029,807,1462,747,1834,108,1334,1901,929,1491,1125,1069,702
personaje	1	1465
personal	2	259,1919
personales	1	823
personas	16	1812,1279,1493,363,1742,378,826,1652,1251,318,1771,1984,148,1151,254
persuadió	1	786
pertenece	1	277
pertenecer	1	1347
pertenecería	1	231
pertenecía	1	745
pertenencias	1	115
perturbaciones	1	635
perturbemos	1	782
período	1	282
pesaba	1	42
pesada	3	604,634,1498
pesadamente	1	1385
pesadilla	3	916,449,1946
pesado	1	1498
pesados	1	414
pesar	12	1071,930,1858,877,1724,1684,1942,161,1887,844,1444,1915
pesares	2	1327,1074
pescado	1	1738
pescador	6	314,645,402,1704,1883,1791
pescuezo	1	213
pesimismo	1	433
pesimista	1	172
peso	2	1935,1701
pesqué	1	1392
petrifica	1	844
petrificados	3	1367,1598,1283
petrovitch	1	1958
pez	1	399
pezuñas	1	1791
peón	1	1729
picoteaban	1	163
piden	1	229
pidiendo	1	248
pidió	1	1551
pido	2	191,411
pie	5	1508,1712,869,730,1357
piedad	2	1786,1312
piedra	5	1769,1283,1701,930,590
piedras	2	1514,1035
piedrecilla	1	1001
piel	10	1029,1386,1302,1393,1334,414,1346,1412,6
piensa	6	1278,144,1789,875,349,350
piensan	5	363,1802,175,1058,1244
piensas	1	22
piensen	2	1798,1260
pienso	1	356
pierdan	1	544
pierdas	1	336
pierde	1	1495
pierna	2	261,429
piernas	4	1728,1777,414,1959
pies	7	454,402,511,1616,1704,861
pieza	1	1849
pintada	2	1273,1213
pintan	1	60
pinto	1	1669
pintura	1	315
pinturas	1	1669
pintó	1	1873
piotr	1	1948
pisan	1	677
piso	1	1738
pisoteado	1	235
pisotear	1	235
pisándome	1	1468
place	1	693
placer	16	1380,1916,1760,717,13,908,1317,450,332,756,1872,1400,949,1899,1213
placeres	3	655,1569,974
plagados	1	421
plan	2	1190,1826
planeando	1	1661
planes	2	1871,362
planeta	1	796
planta	1	566
plantada	1	1027
plantas	1	677
plata	1	669
playa	2	1193,1508
plaza	1	1332
plenamente	1	1656
plenitud	1	586
pleonasmo	1	345
plexo	1	1963
plomo	1	888
plátano	1	197
población	1	1514
poblamos	1	1798
pobre	10	1143,786,381,1137,1274,1103,1108,229,793,1874
pobrecilla	1	506
pobres	2	1982,1710
pobreza	2	1763,498
poca	2	1441,788
pocas	2	1944,858
poco	34	1695,478,580,609,666,1249,1979,153,1860,488,690,1528,341,1610,619,1051,392,33,1470,1789,762,830,916,686,1655,1546,1696,98,1975,1966,1311
pocos	7	895,1808,701,1107,1351,27
podemos	4	594,438,1755,1737
poder	8	666,117,167,1654,1888,480,151,276
poderosa	1	1860
poderoso	1	1444
podido	2	759,1967
podrida	1	422
podrá	2	1621,935
podrás	2	1379,1262
podré	5	485,655,1781,846,1445
podría	8	289,18,1029,1542,1814,1261,1369
podríamos	2	1368,1899
podéis	1	1345
podía	13	388,1941,605,1959,959,1525,1716,698,1956,1563,490,1715,640
podíamos	1	1905
poesía	2	359,550
poeta	1	1132
polaco	1	1465
polvo	2	975,789
políticos	1	1581
pompas	1	1819
ponche	1	1876
poncho	1	1728
pondrían	1	1474
pone	1	1946
ponemos	1	452
ponen	1	1331
poner	1	1616
ponerse	1	802
pongan	1	645
poniendo	1	1712
poniéndome	1	730
poniéndose	1	984
poniéndote	1	776
ponía	1	8
por	270	1032,1489,1971,1158,1567,162,256,1284,785,759,1341,684,351,872,299,232,1659,748,443,501,1705,1735,918,844,312,310,1043,1171,1963,645,1431,316,1820,1877,630,1565,247,976,483,311,676,1865,718,654,1338,1035,1616,1716,298,1393,657,415,1826,1309,949,453,377,231,1537,1695,242,794,1596,1785,1020,647,1591,802,618,127,540,1102,740,1907,1620,1959,87,1026,32,770,1475,1836,1314,771,971,1007,420,484,438,1642,1203,1334,896,1624,1684,1149,1345,911,672,1686,1500,1409,125,742,248,1816,1366,608,1167,1190,1851,845,406,1594,1866,557,1420,1577,594,1504,1182,1390,506,891,1228,968,116,1368,789,612,1623,584,764,831,334,1022,743,1719,223,542,1362,998,1324,1559,877,1715,217,621,1130,472,886,1013,915,1319,837,871,382,746,734,339,1862,956,97,558,1373,1302,1423,402,1878,1728,332,1118,1312,683,697,516,1121,1131,1202,1245,1288,1357,1592,234,1791,1342,787,728,958,1950,308,1720,78,1443,1593,1947,289,1385,1729,294,464,695,796,851,951,627,1485,1169,873,1356,314,1885,762,1786,1903,644,143,625,1879,916,373,400,538,719,1370,652,203,205,729,1605,1474,1160,614,606,151,1011
porfirio	1	427
porque	89	448,641,787,1115,1197,1219,794,1660,1839,1300,1772,647,1443,1389,1522,1438,764,289,1743,1337,82,1969,1824,1402,57,826,1709,923,1485,490,758,1949,1899,1097,115,1211,848,1319,117,1473,333,667,1758,1999,644,462,942,1301,266,1797,226,734,1766,1761,901,165,189,1370,1519,1835,1186,465,959,1241,1550,1148,1204,1153,246,1332,1260,1270,45,453,1047,1028
porquerías	1	1826
portal	1	689
porvenir	4	729,127,1592,914
posarse	1	1598
posee	2	243,1726
posees	1	965
poseo	2	347,1025
poseía	1	1915
poseída	1	312
posibilidad	1	1991
posible	8	1693,780,13,363,805,94,1830,130
postrado	1	1811
potreros	1	1534
pozo	1	1590
poético	1	607
practica	1	713
precedido	1	1594
precio	1	1358
preciosas	1	1584
precioso	2	861,1824
preciosos	1	1772
precipicio	1	1708
precisamente	5	99,1835,942,1027,1102
precisar	1	936
precisión	1	1546
preciso	3	244,482,1050
predico	1	981
predisposición	1	749
predispuestas	1	1670
preferente	1	1230
preferible	3	329,1835,210
preferibles	1	828
prefieren	1	187
prefiero	3	628,828,493
pregunta	1	1471
preguntaba	1	1481
preguntas	1	8
pregunto	5	1719,210,205,60,483
preguntó	13	1762,463,357,199,880,1990,1781,1368,124,373,1723,1791,676
prematuramente	1	1635
prenda	1	834
prended	1	1821
preocupa	1	78
preocupadas	1	1490
preocupes	1	1613
preparado	2	1243,257
prepararse	1	1518
presa	2	215,558
presagian	1	1325
presagios	1	770
prescindir	1	560
presencia	8	901,595,42,329,1466,1140,1500,1896
presenciaba	1	298
presenciar	1	1048
presenta	1	437
presentaba	1	728
presente	2	1799,140
presentes	1	398
presentimiento	1	339
presentimos	1	1371
preserva	1	932
presidente	2	1990,1332
presidio	1	1841
preso	2	795,1207
presos	1	139
presta	1	337
prevaleció	1	1444
prevalezca	1	482
previsible	1	385
primas	1	1182
primavera	5	1425,542,769,417,1382
primer	13	1766,97,728,605,260,973,187,26,1181,256,1706,567,917
primera	15	1766,334,420,316,1355,1885,1715,1349,982,1594,770,58,1553,812,684
primeras	1	989
primero	2	1169,333
primeros	5	16,1718,914,758,147
primo	1	620
principal	1	1961
principales	1	1961
principalmente	1	114
principio	6	1095,862,633,830,404,105
principios	3	557
prisa	3	193,1705,611
prisionera	1	509
prisionero	1	32
prisión	3	933,453,498
privado	1	404
probable	2	1842,145
probablemente	1	1849
probado	1	30
problema	1	1639
problemas	2	1458,1741
proceder	1	811
proceso	2	649,1293
procura	1	1323
procurador	1	55
procuran	1	1867
procuré	1	1705
procuró	1	786
prodigioso	1	90
produce	6	873,756,1256,587,1465,788
producen	1	604
produciendo	1	1742
producirse	1	1947
producían	2	1907,30
produjo	2	1465,850
produzca	1	879
profanada	1	938
profesaba	1	1560
profesaban	1	1230
profirió	1	1168
profunda	4	1253,1971,705,49
profundamente	5	234,1001,794,850,1702
profundas	2	1232,45
profundidad	3	1355,1749,264
profundidades	2	380,782
profundo	6	511,1724,406,1737,377,356
profundos	2	1563,1267
profusamente	1	1280
progreso	4	579,202,38,105
progresos	1	877
proletarios	1	1079
prolongación	1	756
prolongada	1	902
prolongado	2	159,1220
promesa	1	1171
prometamos	1	1116
prometerlo	1	1190
prometida	3	203,1774,919
prometió	1	1791
promover	1	1307
prométeme	1	522
pronosticara	1	1696
pronta	1	1994
pronto	22	234,1261,1158,93,1456,1154,1823,906,1359,673,319,1112,435,1511,522,46,1896,194,517,64,1884,453
pronunciando	1	309
pronunciar	1	815
propia	9	559,1919,66,248,1878,823,1048,627,1655
propias	2	1201,1134
propiedades	1	1635
propinas	1	1344
propio	5	712,2000,1021,928,881
propios	3	456,476,362
propuesto	1	1039
propuso	1	1966
propósito	2	937,1911
propósitos	1	1155
prosaicamente	1	921
proscribamos	1	237
pross	2	594,280
protestaba	1	1338
provenga	1	1842
proviene	6	750,911,675,1920
provisiones	1	1404
provisto	1	202
provoca	2	1185,75
provocado	1	627
provocar	1	855
provoque	1	879
prudencia	1	1429
prudente	1	713
prudentemente	1	978
prueba	3	1673,1516,493
prusianos	1	662
práctica	1	256
prácticamente	1	863
príncipe	5	548,807,1816,1365,161
príncipes	1	545
prójimo	1	1099
próxima	1	1753
próximos	1	1229
pude	5	1650,1194,566,46,1102
pudiera	7	991,74,745,1951,1956,1675,425
pudieron	1	982
pudiéramos	1	550
pudiésemos	1	1329
pudo	5	303,880,1257,630,492
pudor	1	1906
pudra	1	1841
pudriendo	1	700
pueblo	10	1271,1649,959,922,1917,1332,912,792,1130,705
pueblos	2	1283,878
pueda	5	712,1204,1471,138,1282
puedas	1	1683
puede	67	1278,1627,560,1456,1161,777,974,337,1140,356,338,1751,987,92,381,510,944,1081,598,1891,1972,1682,951,613,286,1411,451,1057,411,1422,18,539,986,1463,1654,961,1391,1993,1894,571,747,1917,1510,1146,1578,937,221,400,1353,1094,1614,723,1098,1498,90,1632,1878,1912,1214,661,1471,578,1215,1049
pueden	11	660,1091,1398,581,1087,48,858,1985,1079,1151,1251
puedes	3	1475,1045,929
puedo	20	1022,1242,1319,429,1678,1647,1527,1909,1948,1189,632,904,1500,88,1113
puente	2	1522
puerta	8	718,1010,1738,229,169,23,1234
puertas	5	374,165,609,455
puerto	1	203
pues	24	1759,1757,1905,1771,1248,268,1593,716,1907,1673,196,1216,1734,1710,1568,615,948,1505,956,1283,1626,1090,1190,332
puesto	6	1225,1070,1414,748,1986,1286
punta	1	1135
puntada	1	176
puntillas	1	46
punto	9	1117,654,1390,765,87,869,331,1207,887
pura	4	1722,490,1513,1899
puras	1	751
pureza	1	1817
purgado	1	770
puro	9	551,1849,293,1443,490,127,1899,1317
puros	1	655
puse	1	33
pusimos	1	1672
puso	7	960,1576,1791,1767,17,360,676
puta	1	662
putas	1	135
puñal	1	13
puñaladas	1	1557
puñetazo	1	1168
puñetera	1	1722
puño	1	446
puños	4	474,1419,789,485
página	2	1829,1850
pájaros	1	680
pálida	2	530,1431
pálido	5	1064,1983,1365,1339,341
pálidos	1	1331
pánfilo	1	849
pánico	3	60,1105,661
páramo	1	1075
párpados	2	1675,1554
pégale	1	1575
pérdida	2	219,1173
pésimo	1	172
póneme	1	1135
pública	1	1332
público	2	1474,593
púrpura	1	984
qua	1	1740
que	1225	86,1433,1584,1040,646,760,689,1757,1722,1056,867,1303,389,1240,299,92,454,1645,1824,748,1540,1956,1675,544,1201,1463,40,1218,581,1998,191,483,254,1764,1865,1632,772,1283,708,1773,1770,480,924,1256,1260,1124,1309,1441,1311,277,255,1184,1628,1759,1852,1785,1020,756,618,169,919,640,152,1959,368,751,1195,648,1561,1610,1468,350,1492,1683,1913,1122,1379,1007,329,134,438,48,1329,469,1237,1345,911,459,270,1570,959,1126,1594,617,1790,25,397,931,506,1066,637,789,1306,1469,1738,274,704,1159,831,334,841,1394,338,1639,907,427,1725,775,886,436,1670,1482,1666,639,1080,1662,999,565,1655,41,523,1513,388,1546,1916,1094,1410,1423,357,990,1656,1471,417,1377,1872,578,1058,586,1945,45,253,939,1213,1304,1070,222,1480,1576,1881,235,936,1848,739,78,495,526,229,337,249,938,1443,1743,984,527,323,1582,1729,264,796,44,1767,951,1731,1387,628,1038,712,1029,1243,1321,385,854,937,1113,177,1361,568,606,1119,201,846,1718,1742,1978,859,64,1349,1842,331,1474,173,71,1595,147,1242,1489,1399,386,1144,1772,162,1105,1906,1282,351,376,1244,1472,1659,655,1511,443,1711,997,1955,312,1739,1211,548,645,848,499,830,1520,247,994,676,1795,1599,1787,257,1229,7,1515,1775,496,1830,352,788,575,698,327,647,933,1372,1591,1093,492,540,666,978,1407,662,1444,1954,1995,653,1838,1701,1155,1081,1521,309,32,1777,530,21,1726,579,1381,1014,638,771,11,1176,577,1246,961,1986,30,747,1624,1578,1016,1450,1151,1251,1083,755,601,742,1205,9,1732,1380,1504,69,13,172,135,280,430,1440,823,805,815,1677,584,902,200,1499,664,922,3,138,293,164,934,1465,133,1292,33,1421,895,1384,1923,532,837,1814,1825,1571,1646,1573,1897,1037,1373,1622,1912,123,1405,1414,1137,1291,820,1841,1728,1724,1293,683,1592,679,1371,1045,1760,1556,75,741,1819,665,1365,1263,285,1140,447,1593,1636,711,766,502,991,1924,1385,1859,294,418,529,1044,1376,1461,1664,1096,1949,197,624,873,70,1071,429,1275,570,745,439,1879,876,1125,221,1615,1740,321,549,1241,1856,205,413,145,333,1412,1567,55,1452,1032,1150,899,1162,1403,777,128,239,404,1346,541,885,773,403,362,1435,1860,141,1402,1780,1705,1493,850,1939,392,928,964,1235,1918,521,500,1157,1993,1904,509,1917,566,630,976,486,1900,1530,1696,718,1600,1338,834,1210,1250,298,1436,657,1921,1049,798,23,1298,242,275,1613,1771,1233,290,127,218,1958,740,1907,1869,1134,1325,1727,1475,1352,2000,1753,505,1247,724,198,768,898,733,1663,122,1133,1203,1804,561,1686,1941,79,687,125,1614,461,1190,845,1065,1212,1332,124,324,861,8,1793,1930,1042,1315,651,891,1261,210,677,980,155,1368,1454,612,1248,764,1719,317,212,82,421,1022,1969,1191,1362,736,428,1187,1951,1873,160,1972,1828,1358,610,1051,472,1130,1168,1348,1422,1867,973,1944,178,626,382,1067,1755,858,1146,1183,564,1505,1583,734,339,1424,1797,165,1353,236,1099,465,714,1784,1858,832,1975,675,1851,1288,1308,555,1041,493,1317,463,728,776,1679,1456,154,1581,372,827,1484,519,1225,966,737,1650,62,423,671,839,1101,1813,778,1506,1608,1356,1430,1647,535,1786,1788,946,1713,168,143,625,1025,400,1927,1796,1498,963,1870,879,652,1496,1605,1876,709,533,1011,1138,504,1278,1678,47,591,1158,1928,1189,1106,1327,1601,1551,785,180,1341,810,717,786,381,1132,1111,371,1223,1898,590,441,471,1688,1641,1200,1820,706,799,1555,1988,1565,1806,60,1005,1835,908,809,170,363,654,721,1194,1230,401,1148,1550,1616,1393,1849,1933,949,231,1220,794,1487,802,1396,1154,1552,442,449,1180,396,1271,763,87,175,161,1503,1606,1091,1543,1478,300,420,986,643,1654,955,552,722,1391,1087,1642,1232,1141,1684,258,1085,1186,1816,1274,608,1366,1204,450,1395,1612,220,1028,1812,375,680,1197,1548,1494,1390,269,968,1267,243,1782,1563,1173,425,356,995,1360,1337,1768,569,1054,1354,1110,877,1733,522,369,1715,1165,114,1060,411,977,1640,121,364,1854,1892,16,1880,878,571,1257,349,817,589,1254,1050,1874,950,1602,1980,267,880,494,962,1802,731,1192,1131,43,1121,1202,250,1406,234,282,1562,1745,982,1522,15,1375,207,604,1673,1266,1974,545,674,241,914,989,1532,1798,627,547,992,1344,702,782,1386,163,727,101,930,1885,1123,342,482,266,1052,1021,538,189,1098,424,1626,1657,1934,513,1116,954,1553,849,119
quebrada	1	1882
quebró	1	309
queda	5	1281,884,843,1183,1697
quedaba	1	1375
quedamos	1	572
quedan	1	343
quedara	1	1738
quedarme	1	1242
quedaron	4	215,1804,1367,1896
quedarse	2	234,1939
quedarte	1	898
quede	1	1254
quedo	3	1135,1063,1416
quedé	3	692,63,853
quedó	7	909,1390,1928,309,1551,1874,540
queja	2	312,1636
quejan	1	1636
quejarse	2	1628,950
quejido	1	1762
quejándote	1	503
quema	1	973
quemadura	1	1632
queman	1	1877
quemar	2	1877,796
queremos	2	1015,706
querer	5	198,1246,1966,854,114
quererla	2	794,778
quereros	1	876
quererse	1	1004
quererte	3	1319,233,1352
queridas	1	1635
querido	12	920,1645,736,101,1785,1586,1020,1153,1702,324,1371
queridos	1	205
queriendo	3	1673,1858,653
querría	1	10
queréis	2	594,1225
quería	11	809,542,1788,644,1212,1368,58,1363,1500
queríamos	1	266
querías	1	508
quien	30	1660,936,573,677,108,777,287,213,1611,1314,1057,1069,358,643,1016,1036,211,276,864,1550,834,1250,1215,849,333
quienes	4	306,452,377,1087
quiera	5	1660,441,1756,1578,816
quieran	2	1825,429
quieras	3	980,1103,1731
quiere	19	115,198,1071,1094,1542,1246,1163,1585,1657,1250,1910,1578,801,516,1057
quieren	1	1954
quieres	9	1219,1977,776,1320,279,526,285,1797,1086
quiero	39	448,813,867,376,200,984,1645,695,889,1352,1068,1962,1314,387,1139,1319,667,1113,1450,1085,1602,1333,608,1787,1270,1124,1308,1844
quieta	2	894,1119
quijada	1	1833
quinientos	1	1581
quise	4	1423,1178,420,1858
quisiera	8	167,794,478,1904,1439,647,10,1823
quisiese	1	464
quiso	3	731,1454,1363
quita	1	1463
quitar	1	950
quite	1	1550
quiten	1	1209
quitó	1	705
quizá	7	1276,562,205,1851,164,1906
quizás	5	504,1849,545,1260,638
quién	8	1621,206,651,581,1062,1254,1147,1723
quiénes	1	1366
quiéreme	1	508
qué	94	726,1433,680,326,199,19,1228,1848,128,759,1207,1947,376,694,1434,991,1499,1943,1160,542,118,1707,1324,294,749,1010,1485,1731,330,775,1374,1481,971,628,197,1288,320,1415,1633,1470,1978,898,484,1163,1087,22,818,589,734,373,434,483,67,1500,1565,1862,558,1409,742,1542,1241,1716,1742,39,72,332,1065,124,516,1312,1826,119,1876,147,1791,1903
rabia	6	810,1281,446,91,1376,880
rabiaban	1	1283
rabiosas	1	543
ración	1	235
radiante	3	1364,1452,1164
radica	1	1888
raimundo	2	936,124
ramas	1	737
rapto	1	1419
raras	1	1584
rareza	1	1853
rasgos	1	899
raskolnikof	3	899,1162,303
raspan	1	421
rastros	1	716
ratas	1	472
rato	3	334,364,764
ratos	1	1382
raudales	1	1284
rayo	2	127,1951
raza	1	846
razas	2	687,245
razonable	1	76
razones	3	1430,557,1684
razón	20	1443,497,713,34,1022,636,1362,1729,857,758,837,1430,479,382,1257,1686,1878,588,406,1011
raíces	3	45,737
raíz	1	1827
reaccionaba	1	703
real	10	901,1342,1089,708,952,1437,256,253,1213
realidad	6	973,495,1710,173,132,628
realidades	1	828
realismo	1	102
realizarse	1	1146
realizo	1	32
realmente	5	1533,895,478,578,1086
rebaño	2	1649,671
rebelde	1	1649
rebelándose	1	328
rebosante	2	1286,1104
rechaza	1	171
rechazar	2	1861,1113
rechinar	1	1179
rechoncho	1	743
recibe	1	1213
recibido	1	1358
recibir	1	1767
recibirla	1	815
recibirlo	1	1910
recibiré	1	1201
recibí	1	1221
recibía	1	1673
recibían	1	704
recién	1	244
reclinando	1	875
reclusión	1	1275
recobrado	1	1448
recobró	1	938
recogerla	1	176
recomendó	1	1195
recompensa	1	735
reconcentrado	1	1662
reconcilia	1	1076
reconciliación	1	122
reconoce	1	1968
reconocer	1	712
reconoció	1	1279
reconocí	1	1655
reconozco	2	312,1505
reconstruirlo	1	1639
recordaba	1	945
recordando	1	66
recordar	6	500,398,140,1715,88,1744
recordaremos	1	71
recordarnos	1	443
recordéis	1	447
recordó	2	26,1346
recorre	1	1316
recorrieron	2	1963,1875
recorrió	1	1978
recorría	1	473
recuerda	2	643,207
recuerdo	14	400,1874,1974,1482,1517,1451,1587,1864,293,501,1185,561,1025
recuerdos	4	1642,1133,1930,1850
recuperan	1	134
recurso	2	1016
recursos	1	104
recíprocamente	1	24
red	1	1738
redención	1	504
redes	1	1204
redondos	1	1089
reduce	1	217
refleja	1	570
reflejaba	4	1795,997,1662,918
reflejo	2	1452,652
reflejó	1	247
reformadores	1	1848
refrescaba	1	17
refrescaría	1	256
refugio	1	380
regada	1	1035
regalo	1	1577
regaló	1	154
registrar	1	524
registraran	1	1820
registrándola	1	1875
región	3	45,1436,1610
regocijaba	1	87
regocijo	1	1941
regocíjate	1	1475
regresa	2	1232,1997
regresaba	1	334
regreso	5	528,96,368,1903,705
regresó	4	1519,1286,1998,1754
reguero	1	234
regularmente	1	1732
rehusar	1	1751
reina	11	79,1083,819,984,1576,1821,1399,118,1846,155
reinaba	2	917,208
reino	2	84,1624
reintegrarse	1	391
reirse	1	327
reivindicado	1	25
relaciones	3	1200,1862,936
relación	2	540,430
relatos	1	750
relató	1	1279
releo	1	1839
releyera	1	1551
religiones	3	796,1309,701
religiosa	1	1367
religiosos	1	1581
religión	5	1353,1307,1455,1334,985
rellano	1	1712
relojes	1	1235
reluciente	1	442
relucían	1	576
relámpago	1	1273
relámpagos	1	1605
remedio	2	693,556
reminiscencia	2	774,1437
remordimiento	2	889,1013
remoto	1	743
removerse	1	502
rencor	4	677,990,1967,1125
rencores	2	1793,544
rencorosa	1	668
rendido	1	473
rendidos	1	1020
renegar	1	1179
renueva	1	1042
renuevan	1	1538
renuncia	1	1919
renunciar	2	1261,6
renuncié	1	1148
reparte	1	953
repartían	1	1344
repente	5	1216,1811,1273,1565,312
repentina	3	380,849,383
repentinamente	1	1948
repentino	1	1855
repetición	1	1026
repetirla	1	211
repito	2	282,1364
replegaba	1	703
repleto	1	1457
replicó	2	1375,921
reposaba	1	323
reposo	2	1672,1397
representa	1	219
representándome	1	1027
reprimidle	1	1821
reproche	1	871
repugna	3	533,47,1820
repugnancia	1	923
repugnante	3	1591,1943,1045
repuso	1	1837
república	1	1687
requiere	1	1088
requisito	1	567
resbalaron	1	506
resentimiento	2	1567,1209
reserva	3	453,655,379
resguarda	1	197
residencia	1	429
resiste	1	902
resolvieron	1	1939
resolví	2	1956,853
resolvía	1	1436
resonarán	1	993
resonó	1	1571
respeto	2	1796,839
respiraba	3	1605,428,938
respirar	1	1912
resplandeciente	1	1938
resplandor	1	1046
responder	2	1257,23
respondió	6	1281,1442,1255,101,182,1101
respondí	2	816,1995
respuesta	3	326,144,1168
restablecido	1	528
resto	3	1826,325,1056
restos	1	511
resucitado	1	268
resucitara	1	999
resulta	4	1058,1014,127,119
resultaban	1	1588
resultó	1	492
resumía	1	1571
retamos	1	645
retembló	1	1428
retenerle	1	324
retenía	1	1245
retira	1	1706
retiramos	1	1227
retirarnos	1	1140
retorcida	1	785
retorno	1	1232
retrasado	1	1650
retrocede	1	1810
retrocedió	1	196
retrocedí	2	1633,1566
reunidos	1	11
reunirse	1	475
reunión	1	970
revela	1	1668
revelación	1	127
reventar	1	1345
reverencia	1	705
reviente	1	676
reviste	1	696
revivir	1	1994
revolucionarias	1	1174
revuelto	1	1754
revuelve	1	1578
revés	2	1980,1260
rey	2	1204,30
rezongar	1	23
reía	3	975,196,161
reían	2	163
reído	2	1696,1116
reír	11	99,1287,1414,1525,1680,1788,1989,1329,1233,1017,33
reírme	2	310,1317
reírse	1	1544
reírte	1	1620
reúne	1	210
riad	1	703
rica	1	1953
rico	1	941
ridículo	1	677
ridículos	1	401
rienda	1	521
riendo	3	1969,1182,1979
rieron	1	779
riesgo	1	1910
rincones	1	782
rincón	4	380,622,555,524
rinda	1	805
riqueza	2	1387,1110
riquezas	1	861
risa	10	1606,518,1073,636,1619,1742,760,670,15
risita	1	1622
risueño	2	492,914
rival	2	97,1182
riéndose	1	1822
riñas	1	1538
rió	4	432,1872,593,346
rociara	1	789
rocío	2	1258,1393
rodamos	1	17
rodando	2	162,15
rodante	1	299
rodeaban	2	751,401
rodeada	1	1988
rodeado	1	1594
rodean	1	41
rodearte	1	1138
rodeos	1	285
rodillas	6	1367,1439,1393,854,1925,1723
rodó	1	621
roedor	1	594
rogado	1	1041
rojo	2	1883,1523
rojos	2	351,1791
rompan	1	1398
rompe	2	1271,1573
romper	1	1390
románticas	1	1408
ronca	1	1882
rondaba	1	1034
ropas	2	1061,696
rosa	2	1540,968
rostro	27	1342,315,432,1399,1364,196,738,1064,696,914,279,767,1631,877,63,1169,1147,771,1273,379,1149,830,1795,1255,990,426,586
roto	2	989,1506
rozando	2	1734,414
rubicundas	1	306
rubio	1	893
rubor	1	1273
rueda	1	1527
rugió	1	155
ruido	6	804,369,1490,312,33,208
ruidos	1	299
ruidosamente	1	1329
ruin	1	996
ruinas	1	509
ruiseñor	1	1588
rumor	2	1860,1651
rumores	3	466,1130,382
rupert	1	306
ruptura	2	1806,1454
ráfaga	1	1220
rápida	1	258
rápidamente	2	1998,1608
rápido	4	262,961,659,1273
rías	1	855
ríe	5	518,47,1745,1742,127
ríen	1	1680
ríete	1	693
río	3	1709,617,154
ríos	1	844
róbale	1	1047
sabe	17	1071,569,539,1662,1995,643,626,1178,1869,1859,1126,349,1124,1358,1949
sabemos	2	1670,1722
saben	4	1718,878,1087,493
saber	6	1379,1499,1029,1542,332,1288
saberlo	1	1977
saberte	1	297
sabes	4	739,1909,376,311
sabida	1	687
sabiduría	8	1095,862,947,1484,1516,861,523,1608
sabiendo	4	3,1755,1867,1843
sabio	2	1020,216
sabios	2	1400,1916
sabor	1	1425
saboreaba	2	1653,1342
saboreado	1	655
saborear	1	1632
sabré	2	933,1207
sabéis	2	1447,1267
sabía	8	99,809,280,1241,552,1532,1956,676
sabían	2	1928,1186
sabías	1	1223
sacaba	1	1158
saciar	1	1823
sacramento	1	948
sacrificado	1	823
sacrificio	1	1542
sacrifique	1	1041
sacristía	1	622
sacudida	1	1694
sagrada	1	595
sagrado	1	771
sala	4	824,814,1821,206
saldré	1	524
sale	3	148,1004,603
salida	4	1539,982,630,1201
saliera	1	806
salieron	2	909,11
salimos	1	1221
salir	7	594,1302,260,1227,820,1705,151
saliva	1	421
salió	5	1907,817,1195,1594,224
saltaba	2	1361,975
saltaban	1	1601
saltar	3	1259,960,1319
salto	1	923
saltos	1	1941
salud	3	1417,465,1824
saluden	1	1183
saludo	1	500
saludé	1	332
salvación	1	274
salvado	2	1261,231
salvaje	2	923,1941
salvajes	1	1854
salvará	1	1070
salve	1	357
salí	3	1512,1497,1006
salía	5	510,802,1601,335,1655
sanados	1	1801
sangrar	1	883
sangre	24	234,91,789,1754,785,1064,1824,510,627,1319,1061,1350,1149,339,1655,97,125,1769,1912,248,1035,1393
sangrientas	1	383
sanguijuela	1	1600
sansón	1	1820
santa	1	919
santerre	2	1338,1130
santo	1	154
saqueo	1	1283
sargento	1	1195
satisfacciones	1	85
satisfacción	3	927,923,1189
satisfacer	1	823
satisfecho	2	191,848
saturadas	1	134
se	466	1433,1584,139,137,1323,92,454,808,1675,1034,544,844,596,1998,1766,306,1607,1632,669,1554,405,277,1184,103,1020,1676,169,1019,408,244,1959,368,751,1108,705,1122,134,1236,1331,1783,1345,1761,346,1570,959,617,1268,1294,912,1306,1469,1823,274,841,338,1639,909,510,1136,1079,444,1129,1482,171,1082,1513,357,990,1945,1480,222,1576,235,337,1249,1743,196,264,796,44,1767,628,314,762,937,1361,1290,1119,703,1349,64,147,884,960,1489,108,416,1383,1253,1751,232,1585,443,997,1488,312,1211,1877,187,499,686,247,676,1703,1831,7,301,804,1775,496,352,1074,1954,540,666,1143,1701,179,309,1252,1777,530,1726,1273,638,1477,1246,1986,1208,1076,1590,1578,209,1205,291,1549,1732,557,437,1380,1690,1895,176,374,584,1499,1597,593,1534,613,1465,33,117,1039,1177,1414,1448,1841,1728,1724,1883,1062,208,1791,741,1819,1720,1636,285,447,1385,1680,1664,1949,18,1073,570,1879,661,1545,1966,1188,1833,151,1452,1162,239,403,603,1064,1078,1780,1330,1939,99,943,765,479,1910,1343,509,1589,976,718,1338,1210,335,798,1298,1847,1161,127,1958,49,325,1134,1727,790,1753,733,1804,1706,1686,125,864,1614,398,1090,426,1332,124,1866,324,1495,206,822,1793,891,1454,764,953,421,82,1969,736,1951,1873,217,1147,1130,472,973,626,853,858,1183,1156,734,339,1075,252,588,555,1564,1281,1342,728,154,1922,713,360,966,144,737,843,1536,1650,671,839,1101,1682,186,1713,226,1843,343,400,811,278,1011,1138,1928,1439,786,1223,286,336,1171,1641,1789,271,1555,1988,194,51,60,511,1194,1849,1616,1393,231,445,1508,802,1396,1154,1861,449,763,87,622,161,330,971,1896,1978,300,1662,722,572,1391,1642,367,1141,1355,1274,1214,1167,890,1533,375,680,1197,1548,1390,269,769,1782,356,569,1054,1112,1354,685,477,369,1060,871,1880,1350,817,818,1254,950,962,17,1202,1968,840,1834,1467,1522,192,1375,1974,1266,673,674,1532,490,627,702,1287,66,1736,482,276,538,424,954
sea	18	400,165,489,680,831,768,1309,1678,172,62,385,482,1475,730,1248,1050,411
seamos	2	1362,448
sean	1	1200
seas	1	589
secas	1	1959
seco	2	1622,850
secreta	1	1322
secretas	1	1451
secreto	6	696,199,1246,554,1967,1317
secretos	1	1668
secándole	1	244
sed	4	1042,775,1823,1141
seducido	1	1373
seguida	3	1111,572,584
seguido	1	1594
seguimos	1	1946
seguir	8	666,1494,1881,461,667,385,1124,928
segunda	1	812
segundo	5	539,1659,1856,1601,58
segundos	1	1593
segura	2	1944,1613
seguramente	3	551,1987,968
seguridad	3	1403,782,1760
seguro	6	1298,357,368,703,891,1656
seguros	1	531
seguía	8	1024,623,1673,371,1734,1212,33
seguían	4	1277,1468,44,716
según	3	116,382,408
seis	2	1472,1045
selectiva	1	1770
sello	1	1631
semana	2	271,1757
semanas	3	348,1580,690
semblante	1	1983
semblantes	1	247
sembrando	1	1436
sembraríamos	1	1329
semejante	5	262,18,1751,14,745
semejantes	2	1862,1263
sencillamente	2	1695,115
sencillo	1	1175
sendero	3	1728,914,325
seno	2	586,239
senos	4	1024,261,1085,414
sensaciones	1	1992
sensación	11	388,1240,1432,1952,1185,44,1705,482,339,1117,384
sensible	1	1254
sentada	1	298
sentado	3	692,1179,1379
sentarme	1	36
sentencia	1	815
sentenció	1	880
sentido	5	1586,1108,407,1268,771
sentidos	3	442,359,1861
sentimiento	9	1217,1262,659,430,1324,923,1140,911,221
sentimientos	6	682,1211,1217,794,1161,43
sentimos	1	1412
sentir	13	873,901,1143,500,1620,1971,269,1158,490,1897,411,1406,1764
sentirme	1	299
sentirse	4	779,402,1994,175
sentirá	1	1687
sentiría	3	66,1786,1818
sentiste	1	1346
sentisteis	1	612
senté	1	1939
sentí	20	1497,1284,1006,1359,1240,319,156,1885,1080,1123,811,1934,332,331,1395,833,798,1371,1138
sentía	20	1598,728,1476,520,1563,1127,1915,137,966,428,161,1814,1684,470,668,1075,97,959,1811,1537
sentían	1	1404
sentíase	1	417
sepa	4	1742,712,645,760
sepan	1	1843
separación	1	475
separada	1	1550
separado	1	1593
separando	1	416
separar	1	796
separarnos	1	1661
sepas	2	145,500
sepulcral	1	1701
sepulcrales	1	1367
sepultura	1	1044
ser	90	1278,259,1584,93,803,1644,1757,785,1824,598,501,187,799,1917,852,1520,1285,908,629,1770,1049,1449,127,987,1620,1869,1081,175,1652,1195,1492,1305,986,1654,48,1237,184,1614,972,1214,1212,617,525,682,1261,637,995,1587,1417,133,114,238,1923,571,1797,1572,267,1991,354,1405,1423,90,402,494,776,1881,129,235,536,1886,1140,989,929,1029,1275,491,1113,395,546,709,534
seremos	2	59,1131
serenidad	1	1448
seres	4	796,648,949
serie	1	1673
serio	2	1886,1296
serlo	1	184
seros	1	1009
serpiente	1	1598
servicio	1	480
servido	3	796,625
servir	2	321
servíamos	1	1897
será	10	941,1492,279,805,205,1036,38,1746,276,1427
serán	2	998,1209
serás	2	67,1620
seré	1	1746
sería	7	824,807,1786,140,958,39,147
serían	2	177,676
severa	2	1253,258
sexo	6	259,1870,1321,450,351
seña	1	1545
señal	2	1190,645
señaladas	1	1130
señalando	1	1208
señaló	2	1061,1629
señor	8	594,375,1809,11,1135,690,1767,1168
señora	5	1070,1729,1286,1636,43
señoras	1	1167
señorita	7	594,724,280,654,736,74,1771
si	134	512,1258,803,1327,550,239,1748,1815,1111,371,279,441,10,997,1675,1226,1059,964,1171,1789,1820,976,67,676,1696,1493,363,718,806,401,1830,949,1445,580,103,1271,1990,693,1617,770,1475,1777,1503,1818,1086,1691,537,898,551,367,1329,1578,125,313,1205,398,608,1214,845,1594,1004,1633,525,1533,594,1930,478,1937,269,1368,789,1823,274,841,953,1063,569,1337,1951,877,1972,427,613,1060,1348,1825,1741,999,1874,402,1656,503,1118,72,1312,1131,1903,824,136,463,958,308,1840,1427,1924,1015,464,1682,89,712,1977,1749,829,1885,762,1786,1713,625,177,546,1692,1349,205,1833,1746
sicuas	1	1959
sido	27	1449,13,1586,933,1722,372,268,759,492,905,231,1001,542,790,1640,1007,1693,1789,1181,852,1988,474,1622,528,1098,248,453
siempre	81	1281,69,776,1584,1158,1456,1586,1189,1834,592,945,372,1294,1552,1722,1444,885,766,740,412,653,153,1155,216,53,783,1252,574,1972,1828,1465,1794,1913,1043,1506,977,1637,1007,1543,993,848,1789,1310,1246,626,1243,187,1320,1919,1758,380,462,630,482,835,1446,184,800,1761,687,956,1795,828,1799,1835,908,963,1119,714,503,588,903,957,352,1968
siendo	6	1494,1881,618,1008,1248,666
sienta	1	1183
siente	4	1680,144,1933
sienten	2	1851,1244
sientes	2	1638,940
siento	17	320,1974,972,304,232,1222,269,1455,940,1758,836,1903,217,771,28
sierras	1	1014
siga	2	152,1647
sigamos	2	521,58
sigan	1	1433
sigas	1	1558
siglos	3	1823,1087,704
significa	2	1750,1797
significado	2	308,1911
significan	1	1172
signo	1	122
sigo	1	1858
sigue	3	615,1975
siguen	1	1248
siguiente	1	1729
siguiera	1	274
siguieron	1	169
siguió	3	260,1908,1008
silbante	1	1393
silbe	1	405
silbó	1	930
silencio	11	864,1283,500,1557,440,1787,572,1440,406,369,711
silenciosa	1	520
silenciosamente	1	511
silenciosas	1	1557
silenciosos	3	1330,1534,100
silla	2	1179,196
silvestre	1	1002
sima	1	1304
simpatizar	1	885
simpatía	2	324,569
simple	2	1926,1923
simplemente	6	1139,1832,1886,491,471,686
simún	1	1579
sin	109	760,777,1757,792,692,88,1341,717,501,286,500,1820,607,479,1917,1988,1285,1378,170,669,335,1124,1830,453,1627,1517,1184,1628,1207,842,1444,1861,1001,1990,693,611,1086,30,1590,1761,901,972,524,1355,1821,1212,39,406,656,1504,315,1793,1364,230,1905,1499,3,138,1465,217,610,444,1923,1146,1630,1128,1604,1912,90,1137,1858,979,332,1288,234,1281,526,372,337,1008,519,1947,1375,737,435,674,241,914,1532,1044,1374,1344,624,296,663,1856,1966,1625,1567,1844
sincera	2	63,569
sinceridad	1	1887
singular	2	1853,1462
siniestro	1	669
siniestros	1	1850
sino	45	1219,514,1315,1456,1895,1772,647,1591,142,372,497,618,764,449,603,319,1597,175,767,874,1314,1949,411,1603,1953,198,1246,1786,101,272,379,1343,858,565,870,433,1322,1865,50,608,1933,1851,683,557
sintiendo	2	1162,814
sintiese	1	82
sintió	5	424,1729,93,854,176
sintonizar	1	1878
sinuosidades	1	1357
siquiera	4	1471,957,1023,994
sirenita	10	448,432,1704,890,1883,1484,1387,1753
sirve	4	947,443,1522,1307
sirven	1	841
sirviendo	1	481
sistema	1	335
sitio	3	1273,244,1457
situación	4	1163,1089,1784,1148
situada	1	264
situado	1	511
siéntate	1	1979
soberano	1	556
sobra	1	687
sobrando	1	1004
sobras	1	1722
sobre	60	405,1281,1598,819,222,1760,1020,1162,1579,1905,1593,716,888,807,1223,1385,751,1078,1701,1179,530,1376,414,1610,1130,197,975,548,1714,117,605,955,1880,1208,1917,854,817,1686,849,487,1795,511,1366,784,731,990,401,1194,1908,1212,1393,481,730,1883,586,1893,555,798
sobrecogería	1	1696
sobrecogió	2	1806,1658
sobrehumano	1	480
sobremanera	1	1771
sobresaltado	1	906
sobresalto	1	1633
sobresaltó	1	1273
sobresalía	1	1849
sobrevenido	1	759
sobrevenirme	1	1393
sobrevivir	1	874
sobrino	2	25,990
social	2	1343,85
sociedad	3	1343,1608,239
soho	1	1907
sois	1	1111
sol	12	975,1793,973,1046,1221,1291,35,302,805,1284,817,1791
sola	9	1431,1135,1511,1758,749,143,618,1096,227
solamente	14	1775,629,1801,1236,1709,1772,116,1914,929,372,1668,1009,950,411
solar	1	1963
solas	2	1941,1317
soldados	4	456,1917,1594
soledad	17	925,1063,1172,1478,329,1132,722,803,1076,275,1343,675,1389,1534,1058
soledades	1	164
solemne	1	492
solicitud	1	1354
solitaria	2	1508,618
solitario	2	1341,325
sollozos	2	946,169
solo	26	1507,520,707,802,1268,1954,1522,1682,1503,1949,1566,534,829,438,1084,1999,385,632,561,1183,1797,354,7,406,697,555
solos	5	1145,438,1798
soltar	1	982
soltero	1	179
solté	1	669
soltó	1	340
solía	3	375,1393,1317
sombra	4	197,689,906,1804
sombras	1	1433
sombrero	1	1414
sombrío	2	1622,25
somos	11	642,921,1401,1801,440,443,1131,818,249,1792,1322
son	52	1380,1889,1574,701,1315,1584,37,1456,1487,1327,1722,374,1502,1397,905,1442,664,1536,545,674,1540,1652,1727,1731,1458,977,436,724,699,476,1097,1463,1892,1970,134,122,48,565,1865,828,1802,962,1229,1718,845,1072,1336,557
sonia	2	1324,384
sonido	1	1566
sonreí	2	295,1028
sonreía	1	899
sonreído	1	303
sonreír	3	303,310
sonriendo	3	454,623,1837
sonriente	2	1842,1607
sonrisa	14	99,738,830,170,506,745,767,840,899,1090,194,586,1453,1060
sonrisas	1	1501
sonrió	3	1576,1966,840
sonríe	3	226,1993,1974
sopla	1	1578
soplaron	1	890
soporta	1	1478
soportaba	1	619
soportado	1	329
soportar	7	1504,1498,398,1948,935,1830,1500
soportarlo	1	1650
soportes	1	1610
soporté	2	1472,1044
sorbo	1	1782
sordo	3	1667,1769,312
sorprende	1	216
sorprendente	1	384
sorprendido	1	63
sorprendió	1	1160
sorprendí	1	807
sorpresa	3	477,871
sorpresivamente	1	1903
sosegado	1	755
soslayo	1	371
sospecha	2	1666,1730
sospechaba	1	1341
sospechas	1	1130
sostenían	1	278
sostiene	1	1522
soy	28	795,1020,1901,1382,662,1995,347,32,294,1314,1386,1820,104,101,30,1505,58,191,474,183,1241,1550,1559,333
soñaba	1	321
soñada	1	307
soñadas	1	1196
soñar	1	1028
sstá	1	1659
su	278	620,1584,1399,899,1162,1601,239,759,1056,1341,1303,888,738,786,96,1659,1111,767,1631,997,1956,544,850,928,99,779,1739,521,645,1201,316,1221,1431,1470,26,379,1904,630,791,1466,383,830,1766,306,1565,1806,1795,1900,772,1114,170,467,1408,1338,1781,834,1250,298,1826,453,798,1695,641,1220,1627,42,1451,1462,1591,1396,842,408,396,751,507,1734,1195,1777,530,790,161,341,414,1273,611,1753,1122,1379,1007,11,329,1163,1829,1590,1404,1334,561,1706,1672,1500,1085,901,125,446,649,959,1255,1355,1816,1090,426,246,1594,1887,324,617,1164,1790,375,680,1598,1042,1687,1440,823,1364,1563,1173,1987,704,725,82,1398,1699,1354,1948,593,826,1010,877,1324,427,1568,63,1588,1147,1725,1871,1422,915,1181,382,948,1630,1797,875,1050,1075,1234,1519,1604,1920,1878,990,731,1448,332,17,836,1293,1883,586,1635,1041,1406,234,1564,1342,787,1104,936,154,308,982,1720,801,938,1140,447,1947,1853,15,196,595,737,1135,1680,671,1983,464,951,627,1374,855,261,1506,699,1970,66,863,266,854,158,1740,559,1626,846,1856,1496,205,1286,1545,1966,1567,881
suavemente	1	46
suaves	2	158,1963
suavidad	1	965
sube	1	1078
subió	2	1104,1149
sublevarán	1	1079
subordinación	1	754
subí	1	295
subía	1	658
suceda	2	655,1139
sucede	1	250
suceder	2	96,1083
sucedido	3	650,1285,1912
sucedió	2	226,266
sucesivo	1	1637
sucesión	1	874
suceso	1	337
sucio	1	641
sucumbir	1	625
sucédeme	1	655
sudario	2	1357
sudor	3	517,244,1346
suele	1	239
suelen	1	1541
suelo	10	485,248,1629,155,888,869,1179,627,310,15
suelta	1	521
suerte	7	114,1923,443,858,1048,1009,515
sueño	12	1861,449,1824,495,409,1777,1840,1207,1669,1450,994
sueños	7	1529,1892,435,657,1034,1154,1490
suficiente	7	68,459,1129,1187,1503,422,985
sufre	2	86,1843
sufren	1	855
sufriendo	1	152
sufriese	1	1900
sufrimiento	12	504,1370,1426,1478,1801,273,840,275,756,934,775,1603
sufrimientos	1	1908
sufrir	12	86,539,1405,1628,1137,1971,581,141,1126,286,1843
sufro	1	693
sufrí	1	1124
sufría	2	417,1892
suicidio	1	468
sujetado	1	1856
suma	1	457
sumergida	1	844
sumergido	1	844
sumergió	1	890
sumido	1	1705
sumidos	1	572
sumirla	1	1422
supe	3	726,351,1028
superado	1	1028
superando	1	603
superficial	1	1790
superfluas	1	1922
superior	2	171,749
superioridad	1	1052
supersticioso	1	1102
supersticiosos	1	247
superstición	1	1961
supiera	3	519,1713,1774
supimos	2	1419,154
suplica	1	725
suplicio	1	915
supo	1	1753
supone	2	1199,1919
supongo	1	1201
suposiciones	1	1757
suposición	1	110
suprema	1	297
supremo	1	731
sur	1	431
surca	1	1860
surge	2	923,1926
surgen	1	1267
surgidos	1	299
surgió	1	194
sus	124	1439,899,1162,162,1601,785,416,1120,888,139,655,1078,441,1956,1330,1569,548,1431,509,383,306,1806,1809,721,295,897,1541,1487,1074,802,169,1154,340,1861,1089,1271,49,1134,1734,622,893,414,1273,1978,1208,30,1590,1404,1329,1024,125,1409,446,601,1882,1204,1190,890,8,1687,506,1228,1440,823,303,456,1890,1055,427,1568,621,1871,263,993,871,950,1513,97,979,1851,1357,43,1945,45,1635,1791,936,1263,1467,360,1673,737,914,1544,1983,690,44,951,758,1970,1430,296,1704,854,158,1279,1290,481
suscitado	1	339
suspendido	1	1085
suspensión	1	1914
suspiraba	2	726,1605
suspirando	1	496
suspiro	2	1782,453
sustancia	1	1239
sustos	1	499
susurrando	1	938
susurro	1	262
susurrándole	2	1604,244
suya	2	859,196
suyas	1	326
suyo	4	441,930,1673,1085
suyos	1	1716
svidrigailof	1	427
sábado	1	271
sábana	1	1118
sábanas	1	109
sé	27	326,651,372,1623,1743,694,1001,260,542,775,1492,411,436,1211,382,734,41,558,1409,742,1241,1137,1657,1276,1742,1784
séqué	1	1719
sí	28	397,1690,1950,1757,1328,468,200,389,786,1324,1051,1305,1091,1211,1662,1986,1257,345,83,51,1500,1513,892,1279,1448,1214,1121,1304
sífilis	1	1937
síncera	1	746
sólo	66	489,1574,277,822,242,651,1456,968,142,1105,1140,1593,281,1697,376,764,1360,1529,260,1351,510,1081,796,21,20,1352,599,1165,1726,1918,76,1178,1391,1642,581,1674,1510,1706,202,950,221,994,1151,1322,1513,1297,1410,1378,1493,1408,962,608,703,1194,1784,1981,450,409,683,1131,614
súbita	1	1394
súbitamente	4	955,1390,1515,1149
súbito	2	1316,384
taberna	1	1042
tabernera	1	1308
tabernero	1	1168
tablas	1	1860
tacaños	1	1824
tacha	1	154
tal	22	726,25,813,1517,1390,1364,78,1454,239,737,87,808,850,427,76,97,654,990,1554,331,43
talento	4	727,1052,817,120
tales	1	1257
tallo	1	1001
talones	2	1162,1468
también	45	282,1380,1504,136,728,891,1456,616,1926,142,612,1552,1383,867,1697,260,807,1585,74,325,288,488,443,1226,775,1097,77,367,1589,1363,1050,1322,910,1373,649,1781,1210,205,1293,1545,761,1830,145,1746,1234
tambores	1	481
tampoco	4	1327,1627,1859,280
tan	95	55,19,1150,1584,1435,655,1511,1709,850,1463,1998,1589,98,634,1441,453,1311,1220,794,1020,127,492,670,442,1001,1779,1652,1352,781,971,856,1978,537,768,122,1804,1151,399,680,1390,1563,356,1054,223,1362,118,1528,1257,474,1604,458,659,1312,43,586,234,1760,1745,1443,1365,229,1175,1924,1351,1653,1731,778,1977,605,1970,188,1994,64,205,1876,1737,1567,147
tanta	5	1924,1038,207,1116,1065
tantas	8	303,1898,935,367,618,217
tanto	31	25,1489,1759,430,506,1581,1905,337,1233,447,995,464,1475,771,1422,1918,1201,837,329,1157,1565,1005,1615,400,538,1816,398,1090,1116,1065,1559
tantos	2	1373,665
tapa	2	1610,369
tapar	1	369
taparse	1	802
tapó	1	1545
tarde	6	568,908,1155,1486,1368,540
tardes	1	1235
tardía	1	1666
tarea	1	1024
tatiana	3	1285,1287,543
tazas	1	1493
tañido	1	1594
te	108	1638,1150,689,108,1346,1965,376,149,347,1815,1402,935,1226,1939,336,928,500,1221,1820,508,499,58,1333,1703,1826,1830,788,1517,1416,1591,1613,740,700,1271,693,1252,1561,1352,1314,115,1478,304,484,1894,1450,262,248,9,448,1300,805,118,857,1951,1319,639,1067,1797,1405,1858,1656,1308,1791,1562,1660,1679,285,519,1427,207,1611,1068,992,855,1071,1178,644,410,1316,568,513,1876,833
teatro	1	585
techo	1	1757
tecnología	1	1842
tecnológico	1	202
tejer	1	1133
tema	2	607,471
temamos	1	1807
temas	1	498
temblando	1	1728
temblar	3	1135,1738,304
temblará	1	998
temblor	4	916,319,1085,850
temblorosa	1	652
tembló	1	804
teme	7	86,498,117,1424,939,1422
tememos	4	1362,575,1032,837
temen	6	1812,69,691,386,1381
temer	5	437,1480,1313,565,906
temerle	1	131
temeroso	2	418,1036
temes	2	1219,1937
temible	2	1837,628
temida	1	1174
temido	2	629,1372
temiendo	1	1738
temo	12	718,1838,7,1460,1720,1955,663,1105,1389,1686,1292
temor	18	86,814,267,1191,269,1688,1834,1555,630,1851,1294,156,610,1537,1723,881
temores	3	651,476,1228
temperamentos	1	167
tempestad	1	330
tempestuosa	1	1853
temple	3	1907,1338,1372
templó	1	413
temprano	2	1969,1034
temí	1	901
temía	2	901,850
ten	3	1794,53,935
tendido	3	197,1704,1629
tendió	1	1630
tendrá	2	503,1960
tendrás	1	53
tendré	2	1799,218
tendría	2	1373,1925
tendrían	1	1716
tendía	1	326
tenemos	14	1370,1099,126,1047,98,1402,1136,1443,230,1311,472,985,1918
tener	22	397,167,1144,1620,1511,1653,161,1417,1634,1899,1379,1264,967,1002,1630,1985,211,1151,1231,1217,1291,679
tenerla	1	179
tenerlo	1	485
tenga	2	1157,5
tengas	1	597
tengo	36	1760,47,1161,1407,193,773,403,569,362,650,583,1536,1707,635,418,1617,1675,610,1222,724,1543,1139,1820,1535,104,22,1942,1565,339,1005,1559,119
tenia	1	919
tenido	11	743,1930,1355,1657,1133,401,1116,1365,427,1345,1615
tensa	1	341
tensión	1	1835
tensó	1	871
tentaba	1	1604
tentado	2	992
tenue	1	1686
tenéis	4	1257,155,1211,876
tenía	22	463,1019,1089,1100,1990,1890,1280,1324,1631,997,1836,40,1080,189,1423,669,1035,652,832,417,27,119
teníamos	2	1210,908
tenían	3	1283,1210,1493
tenías	1	568
teológicas	1	951
tercera	1	1592
tercios	1	1824
teresa	3	982,231,1589
termina	1	445
terminado	1	219
terminan	2	872,415
terminar	1	1121
terminaron	1	351
termine	1	1183
terminó	2	794,226
ternura	5	1394,787,552,668,411
terquedad	1	455
terreros	1	255
terrible	22	282,103,1372,1581,1225,1216,241,501,330,758,505,532,605,30,22,1571,1217,1769,1696,1090,43,586
terriblemente	2	727,605
terribles	2	1604,1665
terrones	1	421
terror	37	1443,1557,404,1102,1282,1853,1472,396,153,696,1432,751,1873,501,1339,621,312,1854,733,1236,258,60,343,1290,36,402,1882,1849,750,1842,1393,836,1109,1724,1800,1694,1746
terrores	5	774,1437,1757,247,888
terrorífico	3	1100,572,1923
tesoro	1	812
testigo	1	827
testimonio	1	1926
ti	25	448,376,740,1359,688,583,695,1617,1939,928,1071,1319,500,762,1203,1076,1450,181,503,1605,614,833,1138
tibieza	2	604
tibiezas	1	604
tiembla	4	1743,317,1777,304
tiemblan	2	1851,815
tiemblo	1	1804
tiempo	39	787,1298,1857,167,847,1184,575,1759,958,1905,488,1136,1956,1798,844,392,1007,1892,329,643,40,1630,469,564,1565,41,1696,1498,721,731,1088,503,1332,1310,71,147
tiempos	3	1947,25,1580
tienda	1	143
tiene	48	1433,1627,120,19,129,135,157,1852,243,841,1337,696,1191,1351,1957,599,1358,758,537,1384,1714,1430,1666,551,865,1301,1736,625,1016,83,1077,881,486,892,1599,755,723,559,1230,170,1550,450,1065,1539,493
tienen	28	1533,504,1881,1105,1248,666,1064,1398,1425,1582,562,826,599,350,1867,1200,1087,378,1917,565,486,1802,1366,1716,1496,1309,1968
tienes	4	589,772,803,829
tierna	3	778,770,844
tiernas	1	1845
tierra	20	222,677,1591,789,713,737,1223,81,1272,621,1235,782,5,446,723,402,804,45,1737,1592
tiesos	1	1939
timidez	1	1169
tinieblas	2	22,1567
tipo	1	483
tirano	3	690,1271,532
tirante	1	689
tirarla	1	1404
tiros	1	704
tiró	1	930
tison	2	1286,1070
to	1	1615
toca	1	1611
tocaba	1	310
tocado	2	1081,1477
tocan	1	1235
tocando	1	481
tocar	1	1693
tocaran	1	441
tocarlo	1	772
tocarte	2	387,1346
toco	5	1349,806
tocó	1	1594
toda	27	460,646,1586,1591,1117,1413,1216,1875,1060,197,455,1663,566,439,221,1938,1255,784,834,1616,1712,94,614,1702
todas	34	397,237,1053,1372,1722,128,374,1667,1444,740,595,1398,1639,1827,1701,1536,1078,1875,32,1458,455,1714,1758,853,439,1149,870,165,1035,1718,1245,1309
todavía	15	1740,694,1392,921,178,1321,1786,203,1689,942,1377,341,785,1947,250
todo	113	93,1048,759,1253,394,590,441,918,156,928,1415,1739,1619,508,596,271,509,1998,1942,211,1542,170,98,401,1826,1775,1884,422,1311,145,1184,91,1756,1396,1667,1958,1869,1727,1777,161,2000,1273,1836,1492,1913,1662,329,733,552,1686,1366,291,1864,1153,1190,1004,1380,1598,1690,210,769,1454,1697,317,1499,736,922,934,217,472,576,1880,639,1209,571,948,1183,1797,1602,1546,354,880,784,675,1293,1635,1564,1935,148,1915,604,671,695,1485,1376,490,681,1481,624,1071,605,1262,863,1994,849,833
todos	67	1433,150,1107,1224,1720,1443,789,1636,759,274,219,556,887,926,442,872,59,299,1362,674,488,562,1875,1136,1710,1962,1792,336,472,358,1896,436,895,699,11,1331,1555,1571,858,266,1706,383,1345,686,247,486,1809,1217,248,1802,784,401,1559,335,415,481,557,1311
todoslos	1	1465
tolerable	1	1871
toma	4	1734,1643,1303,1611
tomado	1	1552
tomando	1	1078
tomar	3	1969,1423,1062
tomarles	1	1830
tomará	1	1624
tomen	1	645
tomándola	1	1989
tomé	1	1031
tomó	4	1096,320,1465,1552
tono	2	1607,938
tonta	1	203
tontería	1	886
tonterías	1	886
tonto	2	710,1649
toqué	1	1024
torcerá	1	232
tormenta	2	1651,628
tormento	2	235,934
tornan	1	1922
tornarse	1	1229
torno	2	1555,1282
torpe	1	605
tortura	1	1598
torturador	1	775
torturar	1	796
torturas	1	1044
torturo	1	943
total	2	1068
totalmente	1	1726
trabajo	5	1663,1148,241,914
traducir	1	1814
trae	3	1241,412,1898
tragedia	1	1244
tragedias	1	1569
trago	2	421,1507
tragos	1	1507
tragándose	1	880
tragársela	1	1144
traicionado	1	248
traicionar	1	1802
traicionase	1	850
traición	2	307,1199
traiga	1	1972
trajes	1	1667
trampa	1	212
tranquila	1	1752
tranquilicé	1	1102
tranquilo	2	82,605
tranquilos	1	11
transcurrieron	1	1013
transformaron	1	871
transformó	1	1454
transición	1	1752
transmisión	1	1867
transmitiría	1	1956
transmutada	1	1305
transparentaba	1	125
transparente	1	1085
transportamos	1	1672
tranvía	1	1969
tras	5	1635,1722,618,1490,132
trasforman	1	1612
traslucía	2	1513,1234
trasparente	1	36
traspasó	1	384
trata	2	822,499
trataba	3	784,1302,124
tratado	2	687,918
tratando	4	794,624,1601,80
tratarlo	1	728
tratarse	1	389
trato	4	78,1113,657
trató	1	802
través	4	438,1194,1508,713
trayecto	1	1866
traía	2	1650,1673
tremenda	2	770,1449
trepadora	1	638
tres	6	719,1220,605,456,1161,58
trienal	1	1826
triste	35	463,1494,506,1456,1928,766,317,1499,664,1165,132,33,971,1222,576,1608,1744,1978,577,727,380,174,632,1879,817,227,908,183,652,513,859,1288,1441,1234
tristemente	2	978,817
tristes	6	1691,680,1493,466,1330,785
tristeza	38	726,166,680,1066,840,1161,308,618,88,1249,902,1063,389,717,1827,65,1018,622,160,757,1682,681,369,133,1060,1606,1038,1091,961,1993,271,1578,283,892,1256,1312
tristezas	4	66,962,1351,225
tristísimas	1	1235
tritones	1	890
triunfal	1	1073
triunfante	1	899
triunfar	2	1917,1094
triunfo	2	810,482
triunfos	1	1806
triviales	1	1480
trocar	1	1735
trompa	1	1184
tropezaba	1	584
tropezar	1	718
trotskista	1	391
truco	1	1922
trágica	1	1530
trágicamente	1	872
trémulos	1	1112
tu	53	805,155,1048,374,519,1427,1407,1444,1522,317,966,688,232,583,1617,992,233,1086,1634,724,115,1029,420,1478,500,898,1749,1262,563,1345,373,1025,311,1457,248,1870,181,806,1137,1349,1689,1406,788
tuchard	1	1667
tumba	8	1279,1321,1170,1908,933,1306,938,586
tumbas	2	1831,1067
tumbos	1	1964
tumulto	2	314,208
turba	1	1389
turbación	2	877,1684
turbar	1	1504
turbio	2	558,574
turcos	3	1926
tus	13	1340,115,1793,987,688,248,512,1258,108,729,904,1617,110
tuve	8	388,1385,1834,462,1332,331,1931,1138
tuviera	3	1123,125,274
tuvieron	2	1248
tuviese	1	1533
tuviéramos	1	1749
tuvo	6	314,168,630,618,1949,227
tuya	1	1731
tuyo	1	1065
tweedledum	1	178
tácito	1	253
tártaros	1	123
témele	1	1937
tétrica	1	511
tí	1	115
tía	1	271
tímido	2	1778,500
tímidos	2	1329,998
tío	3	849,306,990
título	1	1148
tómate	1	1876
tómela	1	1548
tómelo	1	1743
tónico	1	1940
tú	17	867,1045,920,664,1643,1760,940,614,155,1613,58,929,1830,350,145,1723,1797
un	414	1803,1584,1757,1824,454,748,1957,844,1218,1998,345,1766,806,669,1554,1884,1311,618,812,244,1979,751,302,1610,1007,329,438,1837,469,911,780,159,1864,1126,1594,1577,397,1479,478,556,831,841,743,338,1216,1136,775,1792,1482,41,523,1546,1423,357,1471,253,199,235,938,1762,1425,527,65,323,951,1685,314,1321,762,1262,916,937,1361,703,1742,1842,833,147,162,416,305,1526,1367,1253,279,1711,1955,312,1739,1936,187,952,380,473,994,1599,257,7,804,453,1462,1591,1372,1117,1620,1701,1081,32,923,1777,579,1273,638,771,1477,30,1624,1016,742,972,399,1633,525,1507,13,135,430,1440,823,642,319,74,922,593,1324,293,1465,133,1057,1871,33,1013,1923,532,466,1185,1571,1912,1137,1724,1293,1357,1371,208,1760,1140,1593,215,1044,1949,873,1071,1073,429,1275,965,1879,283,221,1316,68,1609,1856,1966,5,1234,602,600,620,1527,899,1162,1346,1064,1435,1780,392,928,1566,1910,1917,566,835,1031,1285,976,409,1921,1049,1298,1233,127,1328,1946,1907,1134,825,1069,814,122,1804,1500,1941,864,1882,1090,1164,1560,1318,1629,1042,1261,1248,764,953,488,1951,1358,1051,1168,539,626,948,1146,1505,227,339,1424,1099,465,659,1559,1851,1491,1342,463,167,129,1104,1922,393,1008,1915,843,435,690,1611,1506,605,535,1025,981,1692,652,182,1876,709,47,1106,1940,785,153,1810,1952,574,336,1789,706,799,1436,1148,1669,445,1449,1451,802,1396,497,1207,1154,1667,449,1001,1271,622,341,1503,1091,115,1978,1662,572,1490,130,328,262,680,315,1390,1782,1563,190,1723,356,1359,303,1699,1112,1354,1587,213,353,1426,364,1254,1874,950,558,354,402,731,1192,17,1903,250,710,234,150,1649,1886,240,1522,289,1673,1411,1386,1509,1123,342,482,1002,276,538,719,1098,1980
una	335	504,55,600,620,47,1971,1527,256,1579,550,1722,88,404,219,1244,1434,738,389,717,299,1659,631,1952,1511,279,767,1705,1711,997,1675,54,633,850,312,392,1235,1171,1739,1641,187,26,607,706,1993,380,194,383,1031,1766,247,211,994,384,1607,1795,1632,1696,1436,363,654,1600,1194,1961,634,1148,1770,924,1256,409,415,1260,1775,422,352,1750,1220,460,103,616,1161,1462,1437,1207,919,290,127,492,812,1117,1233,1552,662,449,244,1001,49,987,1701,179,1081,309,507,774,1252,923,1891,21,161,874,599,1503,1836,705,1122,1818,1091,1176,1662,304,534,76,577,733,955,961,1804,747,1590,896,1329,1706,1686,1490,130,1151,313,780,1614,1882,246,732,1126,1332,1594,1866,1164,1790,1598,315,1042,430,1066,210,968,769,155,637,1364,1454,1563,176,1738,1823,1987,1159,1394,1719,468,303,338,569,1030,223,428,1354,857,164,477,63,353,132,1421,1168,1640,895,1426,973,1674,1758,571,1992,1082,1185,948,817,1516,668,227,339,1037,1424,1513,838,165,558,956,1094,1239,1353,1622,1991,494,1981,1784,1293,1491,1903,1121,586,1202,555,679,1371,1694,493,282,1281,1893,150,1935,1658,1850,167,1556,526,393,938,1853,1862,1249,1392,604,144,1266,65,1135,989,264,1983,851,44,658,757,904,929,1096,1027,1142,1506,873,70,284,863,930,1788,745,439,482,625,1002,916,937,433,177,1615,538,68,925,846,1934,703,900,513,1842,1908,481,1072,1199,1160,1545,119,1567,147
unas	6	1670,1279,65,509,1906,306
une	1	430
unen	2	45,1780
unidos	2	719,1426
unieron	1	1945
universal	1	390
universo	1	713
uno	51	131,25,150,1782,1756,789,1469,1248,584,841,642,1673,737,299,843,987,1680,998,488,138,1682,633,114,702,1043,856,198,1071,1904,596,1825,1984,876,1546,395,1423,559,809,90,549,1626,461,1349,1377,1131,5
unos	15	474,436,1184,655,1642,401,818,796,481,124,1610,1593,147,985,1896
untado	1	922
unía	1	1871
urgencia	1	1896
usa	1	764
usamos	1	318
usando	1	318
usaría	1	834
usher	2	511,846
uso	2	951,85
usted	72	1533,1070,1548,646,958,1289,327,1372,1677,200,569,1974,1645,365,674,1709,213,10,1101,1664,1348,1637,99,1978,121,300,643,1163,1166,706,1944,382,746,983,942,1713,439,1578,1124,816,1902,1805,1920,252,357,170,524,742,1230,1542,1250,1471,1681,1559,683,730,1595,344,744
ustedes	3	1912,815,1398
utopías	1	1848
uville	1	1594
uñas	1	28
v	2	10,1348
va	17	1083,115,1643,300,1997,639,1399,1584,271,1195,789,1682,1492,617,928,1744
vaca	1	154
vacaciones	1	1907
vaciaba	1	1880
vaciado	1	770
vaciando	1	789
vacilación	1	1856
vacilado	1	427
vacilando	1	1451
vacilar	1	337
vacía	1	577
vacío	5	1077,839,325,1798
vaga	1	873
vagar	1	1359
vago	1	501
vagón	1	1553
vale	9	1040,1066,1825,1869,1962,1987,964,1685,238
valentina	3	911,425,840
valentía	1	688
valgo	1	614
valiente	5	1933,1471,83,1303,881
valieron	1	915
valle	1	1469
valor	8	320,1620,1144,1065,1526,1931,211,1005
vamos	7	1094,484,461,155,563,297,656
van	6	680,1426,1184,64,499,1382
vanidad	1	1591
vano	2	1667,220
variaba	1	1275
variada	1	1863
varias	1	348
variedad	1	433
varios	1	1507
vas	4	1112,1613,1048,898
vaso	3	1404,1876,33
vaya	3	1805,1218,1675
vayan	1	64
ve	3	1860,971,239
vea	1	1366
veces	23	1517,1649,47,1033,1965,303,1172,690,695,518,1892,101,858,1329,1363,564,60,311,1302,908,654,399,1393
vecina	1	1615
vehículo	1	1555
veinte	3	1427,33,1124
veinticuatro	1	919
vejez	6	559,514,408,656,1495
vela	2	1975,169
velo	1	923
velocidad	1	416
veló	1	1249
vemos	3	1015,1412,1926
ven	2	1067,4
venas	2	905,1393
vencedor	1	72
vencer	1	1095
vencerlo	1	1604
vencido	1	72
venda	1	1298
vendedor	1	680
venden	1	1533
vendería	1	729
veneno	5	905,34,348,1824,544
venenosas	1	1007
veneran	1	895
venga	4	1584,240,442
vengan	1	1771
venganza	6	1342,1936,94,1940,1304
vengarse	1	1952
vengativo	1	1506
vengativos	1	37
vengándose	1	625
venido	4	1650,478,1102,742
venir	2	265,542
ventaja	1	1398
ventajas	1	1614
ventana	3	1284,35,1177
ventanas	3	1100,638,566
venturas	1	236
venía	2	1728,1676
venían	1	1581
veo	4	785,911,121,356
ver	29	1418,1399,93,1848,1591,1396,96,1055,1187,1729,1798,850,928,977,1384,1788,644,566,1002,1578,486,723,963,1716,203,450,573,1406
verano	4	66,205,965,417
veras	1	499
verdad	17	1949,1640,755,1302,969,1204,1825,866,625,1733,1906,1174,849,1697,1853,1037,1915
verdadera	11	140,580,1066,85,1296,836,1044,161,1052,916,408
verdaderamente	4	65,591,1651,1790
verdadero	8	1107,1436,1760,1919,1366,774,1505,1611
verdades	1	924
verde	3	1339,1006,1476
verdugo	3	621,1840,1325
verdugos	1	1968
vergonzosa	1	1521
vergüenza	5	282,1546,91,1523,547
verla	2	1308
verle	3	901,1341,1913
verlo	1	1208
verlos	1	1015
verme	5	1974,1532,1010,1711,522
vernos	1	792
verse	4	1589,1096,11,618
versilov	1	1532
verte	6	489,1977,1517,1642,387
verá	1	1399
verás	1	1118
veré	1	333
ves	2	1679,898
vestidos	1	1772
vestimos	1	1193
vestí	1	1705
vete	2	201,1149
vez	51	726,813,1930,1517,78,1454,1512,1822,684,351,1719,334,1762,966,717,909,1544,1252,770,522,918,1715,1913,1013,1640,537,121,420,316,605,76,1885,26,22,491,184,1594,276,97,398,1349,1605,1966,1310,43,1592,1790
veía	5	314,1158,1210,426,1534
veían	1	686
vi	12	321,196,1493,1609,652,325,1554,162,924,1123,1169,1565
viaja	1	1236
viaje	6	1946,445,528,1390,26,1171
viajen	1	1553
vicio	1	283
victoria	3	1459,1694,1957
vida	105	131,819,195,1056,1009,885,1244,1438,786,655,54,1911,316,765,483,1599,629,708,1550,669,834,1616,798,1628,460,1847,1552,1620,1869,874,1122,505,1953,1097,420,577,1663,1829,1986,73,446,183,732,1661,1092,1790,1507,1548,391,1782,637,998,1388,826,1324,293,1528,1733,1792,1871,1640,915,1666,948,1410,1991,1137,1981,1858,1288,1121,1935,741,1586,1819,1752,372,1943,1425,112,81,1351,914,951,95,1634,1608,320,70,782,284,863,614,937,321,859,954,1188,534
vidas	3	1172,274,1477
vidrioso	1	1064
vieja	5	1320,627,588,999,119
viejo	10	582,601,1320,178,1959,1075,95,544,333,360
viejos	2	502,674
viendo	1	33
viene	4	1997,70,1413,898
vienen	2	1184,1612
vienes	2	1876,904
viento	4	405,431,1791
vieron	1	909
vigila	1	880
vil	1	811
villano	1	823
villefort	1	1505
vine	2	644
vino	10	1976,1521,1368,1016,916,849,1592,950,1234
vio	2	1354,1704
violencia	4	675,419,1159
violenta	4	1454,888,1770,850
violentamente	2	1459,1467
virtud	2	735,1602
visible	1	1290
visitarla	1	1771
visitarle	1	1999
vista	5	87,325,1728,1545,1282
visto	11	262,1107,987,363,1765,1928,1364,1813,1913,28
viudas	1	1436
viva	7	1799,631,1170,302,210,1025,679
vivacidad	1	701
vivan	1	706
vivas	1	1323
vive	12	1857,1320,978,257,1690,1986,777,1683,1036,1122
viven	2	895,1475
vivida	2	70,1869
vivido	4	1759,1301,1187,1124
viviendas	1	1590
viviendo	3	1647,776,1124
viviente	3	649,1293,372
vivimos	3	1145,708,1946
vivir	27	1023,691,242,391,698,142,1940,180,660,737,889,1956,1792,1415,18,1501,667,1986,1761,50,494,1148,45,555,1335,493
vivió	1	1908
vivo	3	529,700,1923
vivos	8	773,1749,1227,1859,1531,1698,531,1295
vivía	4	1928,1757,1110,1784
vocabulario	1	1008
voces	1	1490
volando	1	615
voluntad	1	1427
voluntariamente	1	1148
voluptuosidad	1	1598
voluptuoso	1	1254
volver	9	1639,1119,608,1438,1731,850,1371,177
volveremos	2	121,792
volverla	1	1543
volverme	1	928
volverse	1	1281
volverá	1	1720
volverán	1	1477
volveré	1	1616
volvería	3	1028,1056,999
volvieran	1	1804
volvieron	1	303
volviéndome	1	1149
volvió	11	538,1978,1279,1831,1885,1104,93,1788,1948,1019,1075
volví	4	558,371,36,95
volvía	3	919,906,1167
vos	5	1505,612,1092,425,1818
vosotros	2	1345,1128
voto	1	857
voy	6	1931,1242,806,1815,213,119
voz	19	1795,772,338,1930,500,969,1149,1882,118,513,1601,918,938,1160,1551,1748,1941
vuela	1	1567
vuelo	1	1122
vuelta	4	418,1497,1006,169
vueltas	7	402,1952,1707,1309,310,1941
vuelto	5	1566,429,746,1382,374
vuelva	3	205,1250,1828
vuelve	10	1766,841,1452,1232,409,239,369,1664,844
vuelven	2	1580,674
vuelvo	2	1282,288
vuestra	7	1225,1596,827,1059,1009,1702
vuestro	8	1874,1932,368,480,1059,1009,411,1996
vulgar	2	1742,1866
vulgares	3	1384,745,1828
vulgaridad	2	102,415
vértebras	1	1316
víctima	3	1990,888,936
víctimas	3	1130,59,1378
víspera	1	1130
vómitos	1	248
windermere	2	672,1955
winston	1	921
y	969	1433,259,760,1757,1722,1056,692,867,888,139,1006,738,1240,1824,299,454,631,808,749,1735,20,544,918,1034,1226,1925,358,1470,1201,1221,1982,1998,470,306,191,1607,1769,1865,772,1283,1770,924,1124,405,1889,255,1759,1676,618,169,268,919,1019,408,244,260,368,419,1888,893,1195,648,1610,599,1683,1492,705,1379,1007,329,1501,438,1236,1061,1404,1672,313,780,159,1661,1594,1215,617,1479,116,1364,789,1306,1623,1823,274,704,1030,743,1639,909,510,860,1136,793,427,621,775,886,1670,623,1319,667,31,1080,106,41,523,1546,1916,1094,1423,181,990,1845,1878,1656,417,1872,586,1893,45,253,941,787,199,1576,235,318,495,1840,229,337,938,1382,1754,1947,1295,1249,1397,196,1425,264,1387,1027,1685,314,712,1029,385,916,1113,1361,36,1119,1742,1842,331,1072,1746,147,1638,701,1242,1399,93,1772,108,162,416,305,1282,351,1244,1367,1253,56,1472,655,1511,288,443,1711,156,312,1960,1739,645,1431,1264,952,22,383,830,247,676,1795,1787,301,804,1775,496,1539,489,698,1462,1591,1756,1989,1557,224,340,492,540,1093,1102,1444,1701,309,32,1252,53,923,530,770,1777,579,1014,638,1273,771,11,304,485,484,1208,30,1590,1624,896,1578,209,672,1151,1409,755,1297,446,742,1255,35,1549,399,1153,1504,1182,1507,1598,280,1690,1486,1419,176,374,107,584,660,1063,456,922,293,24,1534,1465,1708,1962,132,33,238,915,1384,1665,1814,1307,466,1185,868,1622,1671,1912,1414,90,1525,1448,1728,1293,1062,1883,1357,1592,1635,1371,208,1791,1580,691,148,502,1392,1924,807,1351,1680,215,95,1949,89,197,873,320,1071,1977,1970,1275,745,1455,1704,965,1994,876,158,1740,68,321,1279,1856,205,1286,1545,1811,1966,534,333,145,151,602,1234,1567,1926,55,1527,899,1162,239,1346,1009,1120,1438,403,1064,696,1078,1860,767,935,1705,1330,46,850,392,928,233,1235,99,1415,1899,521,1566,500,943,1993,479,509,566,630,1589,1031,384,1809,1696,1338,295,1035,1250,1781,1961,27,298,1826,798,1750,1857,1517,42,460,1596,37,1161,1523,1233,127,218,1958,1946,740,1747,49,325,1325,1727,1475,2000,1753,1818,505,724,814,768,898,733,122,1203,1804,1686,1941,687,348,125,864,1882,1618,1846,1090,1190,845,1212,124,110,1004,861,8,1164,1420,1514,1560,1887,206,1401,1629,1315,1261,1575,980,1368,1454,612,1248,1512,1697,764,1719,694,421,82,1969,998,488,1951,1417,217,610,1147,1051,1168,1422,626,382,1067,942,853,1183,875,339,1075,1862,165,1920,1302,1981,1784,1858,832,1975,588,1559,1491,1317,1935,1342,776,157,432,1104,1497,154,1581,393,372,713,827,519,1008,1484,1502,1853,360,1915,737,1135,435,1707,690,1339,1611,1169,758,1506,605,1788,1967,491,168,663,625,297,343,925,1927,652,182,1605,1876,1199,1800,614,533,504,326,1158,1928,1189,1439,256,1601,1551,785,1341,810,786,636,371,1898,598,431,574,1911,619,310,1963,779,1200,706,273,379,799,271,1555,58,1565,1806,1835,1378,908,1436,363,511,654,1493,1849,1148,897,1393,1310,1669,231,726,445,1508,1220,1627,91,802,866,1396,1207,1145,1667,670,442,1001,1271,1827,622,161,341,414,1503,1428,971,1606,1091,1097,975,420,1478,1978,572,1232,1684,1490,130,1085,262,1024,1997,248,1355,1366,608,1816,1204,890,730,761,1612,220,1028,1533,375,680,1494,391,269,1228,1687,1563,425,1127,1723,1360,303,1054,1354,1110,685,877,1733,477,522,1588,411,1640,1426,364,1854,871,1892,1880,1350,1257,817,1874,950,1931,1604,910,558,458,354,1239,402,962,1192,17,1903,43,1202,1047,1406,234,1649,1418,840,240,982,1901,192,289,1375,543,1266,673,545,674,241,914,85,989,1532,869,490,1798,992,1481,1634,518,782,455,1643,66,163,1885,101,1123,1736,482,1002,517,719,723,1259,1934,1116,1908,481,1553,849,119
ya	57	86,726,813,651,1267,947,689,78,618,1233,1636,404,917,1667,666,888,831,694,468,569,1650,323,1860,1081,1909,294,1631,1568,1492,1477,358,1996,436,643,26,379,508,1894,271,1232,345,566,1347,1531,1646,1345,226,1897,1927,864,426,1661,1245,557,939
yace	1	645
yacer	1	1215
yate	1	600
yerba	1	677
ymirándome	1	1112
yo	112	47,867,80,1438,1645,10,918,99,706,58,1363,976,311,676,1809,1900,1550,721,1781,7,27,1260,1746,1785,1207,919,1093,540,193,662,1325,341,329,552,1087,672,1085,262,1083,183,1846,940,1190,1212,730,761,594,448,1464,116,1364,815,1248,1623,356,200,736,1,428,213,1715,1828,63,775,1962,1051,1060,1944,667,382,734,800,1572,1973,1858,1774,516,1660,787,958,1950,1365,519,289,1974,673,1135,1532,464,851,992,261,89,1481,320,429,342,1615,1740,963,981,1241,1721,954,119,333
yugo	1	1271
zapatos	1	584
zulema	1	1028
á	9	1805,724,1944,213,10,1589,1348
ánimo	4	916,1563,1171,1896
ánimos	2	1571,1138
árabes	1	124
árbol	2	844,1486
árboles	4	205,638,737,488
ásperas	1	1854
ávidos	1	351
él	58	1070,326,1575,1104,1399,936,647,1720,1365,393,1454,1233,1756,408,1444,738,1824,1827,232,260,1587,1354,294,695,825,627,793,1059,1753,4,263,320,1007,1978,1786,552,1880,1624,875,1615,1085,538,910,1373,1795,846,608,721,1366,1856,27,298,1545,697,730,1866,333
época	5	43,893,557,760
ésa	1	1223
ése	2	1356,845
ésta	5	1007,654,1052,1592,1299
éste	7	79,97,572,922,630,618,1234
ética	1	173
éxito	3	1570,1573,401
éxitos	1	603
éxtasis	1	879
íbamos	1	1093
íntegro	2	1475,1620
íntima	1	970
íntimos	2	1229,414
óyense	1	1109
última	3	1829,187,121
último	6	1278,1835,524,846,936,58
últimos	2	1045,786
únanse	1	1209
única	12	1405,1628,1700,1733,1921,1491,180,392,702,1345
únicamente	3	480,557,697
únicas	1	1257
único	7	1370,390,62,1825,182,1403,2000
úteros	1	1014
